cancel_ratio,order_to_cancel_latency_ms,order_size_zscore,order_frequency,time_between_orders_ms,is_manipulation
0.29691184917828106,919.1262646466029,-1.2235839110617803,5.310071230332327,50.0,0
0.2651158353338522,647.9110070852441,-0.24261237981404754,8.658838933073485,4261.531520775789,0
0.06843058244763257,438.23807117858047,0.18306235697228504,24.051848207444586,1950.752541466418,0
0.8868030130951972,17.913869037590487,2.7067839944033176,97.88800241910465,38.51023910924094,1
0.25002835968747383,1074.135205631072,1.4586168472970176,3.442933662236749,2504.436700672911,0
0.19114234541966452,1160.5909625183265,1.986264680489528,7.77979745472039,1536.8379105176602,0
0.38061062186428407,2381.8853245990754,-1.2105851651398536,16.367673385274486,251.5616160859885,0
0.7217959040985603,29.071685630425026,3.1046201275367147,115.75127449218826,217.25037826902482,1
0.2695571630372362,260.27035450019525,-0.5461924511472189,17.479242132074653,71.71341187191207,0
0.9554184029305398,23.560057821184103,5.278943074702466,109.10286470249812,158.18212958174112,1
0.19821400757176244,711.8211094855252,-0.9685354004919751,8.003539981897635,1449.510044487721,0
0.04499326698297448,828.4433479874825,-0.7495499139652525,17.750139159755268,2051.414919068876,0
0.11767813985418961,178.9895380352479,-0.3236609949936378,14.256864292828057,3237.2476626113707,0
0.3290785841024799,1582.1600804724121,-0.5308536074772426,8.974880931823682,412.15565189039364,0
0.040450835420712705,651.3091773441259,0.7195618315979349,4.375800766165146,1613.005005944845,0
0.014217790818320532,382.90781078188786,0.16471726997003286,2.0148667959246254,297.7394319014378,0
0.23481719423159944,660.5022183803895,0.6975930518882538,4.6906557380457325,1140.1622773637905,0
0.13080552626051473,851.0554010845038,0.06676412147288507,3.1428939992826592,139.9401454173255,0
0.14848045475078264,521.8607430219336,-1.647510643852944,7.354887815903294,663.8365509217816,0
0.07502694333400563,231.26920123298677,0.5198037535556334,9.217948889069707,760.3154913767746,0
0.9483186452628927,18.448697722267898,2.97025992988013,110.66185706756809,29.11021028837566,1
0.20579261635045962,832.8115652477655,-0.13178182295492516,12.428071549166868,553.0899905840824,0
0.7604442770597394,16.121459155050054,4.309037312679276,162.81668534153815,5.0,1
0.65,43.37974518512677,3.1602231564109142,41.53675239361938,424.62895896823204,1
0.2509986970916318,1835.6540236517296,-0.1633366022018634,10.040342169028719,210.0413278578039,0
0.22429686999770668,2440.574737099759,0.7087335516559325,14.53206354449789,199.99940576285212,0
0.25628429423449334,307.440650374679,0.7938084898413628,14.742025049872483,735.4900594223649,0
0.02209139730972967,5000.0,0.21732162748104863,8.646232025056594,3372.214529316765,0
0.07413843661828978,479.283047795197,-0.2085989980333654,22.620738471822722,2903.6564861599372,0
0.31761815926216647,661.2599920070437,0.370535869983591,32.05275228024907,139.01247352209984,0
0.29136670027840594,614.1556367590043,0.4719100044912137,11.011678642159861,823.0970020069681,0
0.2768781519474444,706.7264301347312,1.6409065054943148,15.727274270277414,431.20696583830517,0
0.2648201258465842,234.89355439730002,-1.151309499407364,14.63758759800515,5175.678145210239,0
0.9215656242626107,25.8218196626751,1.6537589224539953,136.1109846812035,114.23392428715889,1
0.4150888079149507,2701.5562740366536,0.9968715702263206,11.041978482582358,1711.2483070022788,0
0.47510141238300624,612.3540163418279,-0.2826048514777008,7.890011859043806,50.0,0
0.20829129714582886,216.83975071266005,-0.10907494897522228,5.917503234799544,958.0561825554416,0
0.10773493562308427,813.1950851013551,1.497743878133629,1.8656736024261742,1681.7657794043928,0
0.08907820954407644,700.9805346495407,-0.7577805673149619,1.7786229096977748,1541.0717582892105,0
0.0649335984687997,568.7156826881718,0.8968275738992822,14.998212355809928,5313.484282177256,0
0.7897062415605678,25.888509629981534,3.4024843095420465,129.28764832568967,139.33674525920435,1
0.17934639613839226,642.2167703244749,1.0250078188995784,8.780439208677992,745.9467187237912,0
0.1927384501457008,463.5728114860643,0.5876755379628518,41.41209206714956,575.9356033684618,0
0.025392007529134106,579.5850722434493,1.3353826977001257,14.115064063696135,656.3081095120731,0
0.09199180529140456,934.5662400393978,-2.5370675157456817,17.800446802455376,2157.422627612774,0
0.1408867263874109,787.7714508100966,-0.09169518228282378,6.161144929428869,476.64422828952246,0
0.2083854599060475,3774.787294790097,0.20217249698807344,13.739020421700328,945.6370587039437,0
0.1606086462533923,547.3016114188031,2.6181734235804135,13.011461187820814,1479.7813431075417,0
0.10428495561612407,924.0980068478882,0.24715710407770497,16.94655242333001,1135.1268746557046,0
0.65,10.68748003962858,3.520534434136456,64.7420759603782,24.15780345746772,1
0.057555553821816326,579.1854749561858,-0.6709996139763603,12.957601758366765,1570.447158284436,0
0.029525018028748268,925.5556613590878,-0.7850528638010786,6.055370868009711,349.69537628819864,0
0.20107240102053073,200.56941134891238,0.7915081719465198,10.648349410011262,2799.1666888931763,0
0.07361655439550663,1176.082283289464,0.16167092405723113,3.5398219079664366,3418.9726484896105,0
0.09526888086892407,2004.4186742788243,2.357699230026369,11.217318342134464,1381.983485440374,0
0.16948565982455663,615.252467353146,0.07934788405171923,11.731720580155562,1022.1655974918826,0
0.310872481803615,369.38625181767316,0.27193975338608933,3.2641909471753356,1621.1150817650503,0
0.2834649713493668,599.6677136661892,-0.36971702523602007,13.380368499760785,151.7341055202857,0
0.28007620961664553,548.6351032097142,0.3362992140090596,15.848175938635361,708.7936902845388,0
0.04146119907509746,736.3150836789061,0.016788163741715875,19.717553974428114,1388.3487977932275,0
0.7188516796820177,8.885756297541986,3.4978410475441093,103.90076839683664,190.91656060494603,1
0.2389477027589895,5000.0,0.12258856559924342,5.852106730780207,5086.2430243033505,0
0.23071903073603278,733.5574069104892,-0.6540450349795964,16.78258082600503,1784.18096925517,0
0.65,18.87643183070073,3.6470038797245805,123.24558770476307,90.20300676474066,1
0.05671887451677087,2605.7774092842865,2.695751782798915,16.307076822016157,50.0,0
0.05879551616587244,816.8103547861598,-0.4220404345062681,6.052320383665789,149.77006188781104,0
0.24897630010226884,1016.4255172160032,-1.3751874171082699,5.420743825173014,448.26276814063823,0
0.07732592795057028,170.38958674000773,1.0367954325002064,6.690068911935651,737.9608604965961,0
0.14618502795517085,1776.913102190098,0.6772576303532128,7.141670753735533,2822.113942860993,0
0.2732832634776311,2031.6787937263512,-0.2049474429730497,4.785350509572611,314.18270120428963,0
0.3426793294131716,1194.068085041418,-0.40717668042659255,6.274881028883014,4618.016537882725,0
0.9025939236034863,54.48150257661718,2.383366053561815,71.06670812403094,82.55851699371206,1
0.9435956988181979,58.10919162045839,2.3501939022289142,69.77584349469481,169.25170262661288,1
0.07895082749724508,1572.8044755232963,1.1579930525795872,10.886511105204775,2459.438648945611,0
0.3079688197970174,312.7999485556965,1.3524503770923502,9.494422459911794,1099.939291344735,0
0.25738494063456296,488.4771630747886,-1.3785983876886816,3.8007543514710065,548.0830141382187,0
0.29473550609685256,292.5231739114168,-1.1546806635049305,9.363335204557558,326.9576964966726,0
0.65,15.579754566590942,4.279534364167256,177.3999861858669,39.13773145104639,1
0.08409170960487969,2865.7645996193532,-0.8203403227430952,27.774248205697866,2509.5546525624864,0
0.037347311003300854,401.0570517459659,-0.8302258796410609,6.35783519262098,343.42819246696905,0
0.19560450163355353,834.2338907649134,-0.45495724782394165,32.9273433401782,297.5562661062557,0
0.18564184105071965,543.6218195325933,0.4656647022783544,6.677902507459316,104.67326349667982,0
0.8059221593438481,26.355798909733767,2.9634078884777195,47.7986442810923,28.789438561121454,1
0.1133005032463249,1827.6507452187316,-1.2475384605973305,10.420400338019949,456.5099660366382,0
0.10699248118679891,663.4100943991559,-0.2438292505215718,9.643124806441246,1721.400632770731,0
0.21721565007941393,238.75216577421244,0.9182761213923244,20.53276264669476,508.8833874368552,0
0.9086016074354164,11.814022609331149,3.530059179283913,124.84014778433672,283.177405856421,1
0.07646704519158327,258.88762062338867,0.4417402145809067,9.526763014527416,986.2760700877052,0
0.23241135857893294,355.71831775043154,2.862263577284521,10.70839925090642,81.09195864908656,0
0.13646019315802863,2096.2691732764365,-0.842997370727137,4.410809575197294,363.9616367272555,0
0.25740693182606134,158.5050631101659,1.5412966494140283,14.724094961248458,237.93208227425552,0
0.1995249892121525,682.2412667373758,0.5226548108644206,19.536092334078095,551.4097490320755,0
0.27274932736149954,475.00442662216756,0.43470786877039785,6.822556210180927,1369.9604620890943,0
0.43431050623456907,351.15264458346303,-1.1772171132734226,27.912858699322584,1167.3711505725323,0
0.12174549763922582,453.08424244690997,-0.5788217215868263,8.61093201662292,3220.948364762995,0
0.052964056356873096,4366.565039090452,-0.1337440823061335,19.041670332169772,50.0,0
0.012490910379121768,1357.8310846725947,-1.0752641014608617,3.602267195428782,864.1474687936342,0
0.31827149383683406,949.5662001757828,-1.1140785952000543,5.522199616897561,50.0,0
0.13993899661742207,692.2139438171968,-0.9214827716810559,3.655083195718783,1699.251099114166,0
0.3311683196889837,1029.1937196221536,0.33218496679542386,12.800662850446006,101.26379471552332,0
0.8577811848317902,64.41307811637996,2.595681096234888,129.4166686324334,145.8833375978012,1
0.6606070429859284,12.316302377743423,3.3262779394890103,139.3570917904265,600.0,1
0.9805902189040495,47.710946570311556,4.3112517489871935,84.55747144310214,227.936504731462,1
0.05666971069560086,388.4191050221076,2.552709054150154,7.394695278805735,1616.2369636318715,0
0.03654583675749861,1383.0725925803745,-0.553448513451164,14.490249823802019,50.0,0
0.21706564040874302,968.2330117927191,-0.36416437033440724,27.39966271257505,486.16579708305574,0
0.3132299148658538,782.551919084152,-1.3229369429031808,2.200815198011287,95.37867427063695,0
0.10113558973127819,271.9117968755854,-0.6321152929396958,3.8256055003183658,50.0,0
0.2806796475377361,1333.3363804583648,-0.21472086860086348,6.176515789292649,287.89751451030816,0
0.017910496099510776,511.4483367536869,0.6789965257424327,3.184026000090306,423.32649957909075,0
0.24478436527242362,407.8803902803306,-0.21143759527809844,19.455295378110407,457.8371976894822,0
0.8305898883996015,39.16917289917727,3.9576482772050587,84.83003855011219,39.98315880841823,1
0.020395597023469696,940.2303722165557,-0.5635476575346662,34.198417948909224,2511.1898193336883,0
0.6943978184862877,21.189948864273756,3.7109302990880533,47.58638048999822,96.57446622248264,1
0.1998898693619581,1209.883657757686,0.23967424359629974,11.99676161510661,1187.8719649830837,0
0.24349398996647945,333.5736715088076,-0.7741329418493845,9.018906042210824,398.54690343542586,0
0.12263463117465917,622.5181099730448,-1.101207337096929,3.2053476718652285,1469.7809658390968,0
0.21602316416242603,774.3274608301671,-0.22508566935421595,26.433559482908866,3214.852571179915,0
0.25289852637382043,879.1553336648182,1.1993568052817154,13.333982535644603,1873.8540460058862,0
0.14665246825787087,420.7339386567025,0.22611960514560306,3.6562293284937994,635.0742210075745,0
0.1658490060269755,330.57478759201354,0.5840404092553264,4.585835861741561,1143.0364880315487,0
0.31081627181481286,2754.6769038564516,-0.050723134088819094,4.494219349660553,2343.3994497208982,0
0.11794236998351261,1975.4966420109783,-1.6387796565652528,7.761765551326374,956.1589639782023,0
0.11576766825679442,964.7057086329148,-0.5382415595385981,4.2845881390781075,149.1187686805074,0
0.9009271595811135,13.01594812452099,3.4624219926285225,117.1232456502988,136.30822220682626,1
0.15091182765020497,919.785151832797,0.29424384465856673,5.328622851160514,182.33541148041814,0
0.26911493006859327,262.24708102882886,-0.924259410816647,9.534556581990659,1322.9162062354255,0
0.65,11.38557096527772,2.4631292300798595,150.81327122304793,35.44950259639253,1
0.09030842518848207,1121.6776436549565,1.0739695414377377,12.541986074732877,1207.4790847099778,0
0.13392418026200578,818.3874652546092,-0.2690271603115207,9.373559635264206,3507.383678491185,0
0.1970314724318071,684.3734654876008,0.4285861657115819,5.956073894464503,72.30623788638847,0
0.5668152986653894,5000.0,-0.313247785321797,17.447211324894216,50.50379548956919,0
0.65,37.89067080490981,4.496577091549982,131.45482478193617,142.0992585085996,1
0.15778130109447192,207.64752780874713,1.5605752701881253,20.3948945477518,1885.3176307673716,0
0.1116199114696569,4563.570393547633,0.5817583030209609,6.2180975076810014,715.6235363404659,0
0.19185826512037057,1313.5528858974242,-0.6711310717105081,11.489922701175917,285.4515486828274,0
0.443041631944866,536.5381485046603,-0.7721580889089049,32.18129003277999,2374.584989863162,0
0.2283710823601205,1538.0657256393063,3.1261729427924885,12.218483117999174,4457.732602173451,0
0.3718265525210354,2714.7190768762907,0.886051352660691,8.574317703110731,2110.249078169581,0
0.41001934111645877,1266.7320875550372,-1.8340489371044395,12.028222490895157,641.8761737634993,0
0.03444850384211328,1635.6496749582286,-0.9334225378006665,8.793118988707413,820.6016204712904,0
0.2956128879842821,159.2807516007125,-1.5736380959020388,8.616389238555133,1136.964166272401,0
0.10978227353706319,716.2246889082096,-1.6577568404239018,8.485815695234535,2368.6440052463254,0
0.07924476113634002,1203.8403288908482,-0.6588734778889406,17.360950558867223,1269.4382214657714,0
0.27330071496574176,954.9102038019694,1.2978464415365516,8.170183422122232,1926.7488317127775,0
0.06758731277801987,755.3129968226544,0.017878432508401983,7.080003124436023,1127.2776372017229,0
0.11344276121407292,385.50811636324755,-0.501079469607532,1.3167151270237134,228.12568837973956,0
0.1136149651497779,1373.075429596024,-0.327799800015837,27.39187027861849,114.76597588537696,0
0.12311529792487834,420.7418070764817,0.9661480309986796,17.223512356230604,197.25031477284045,0
0.7337556546347088,48.672179146566414,1.6139803894656142,103.78954471193538,52.39819834068283,1
0.43590339118224625,3412.3810337135683,1.6612138435723098,14.86113699337432,1543.3585247398532,0
0.12649915459348088,538.1921566491338,0.9111258440443519,6.931374379799559,314.56879496472015,0
0.07030537427436351,682.0653197821821,1.7425403033424056,22.64585471742552,820.8852957266735,0
0.47343002834154646,1045.1473147412792,0.733317864600333,1.4463802056863249,2665.6578551808625,0
0.04935274613121934,979.6083441255615,-0.4635606398556775,5.335445934490953,192.37098910026026,0
0.0817593060664613,1768.970797406707,1.5201228168513279,8.9867213741847,336.0408628120895,0
0.29995065334391535,227.50099445990313,-1.0821792162311863,6.688776691108697,521.7395613963703,0
0.05378296732298277,1131.1329216094787,-0.29663176424800064,2.4209442536404193,50.0,0
0.08766139781561612,343.9018463543481,0.6045403991323594,21.486841148894428,1821.2085852263526,0
0.10106173479983588,388.82418926000616,0.7537808187349968,21.633523496923363,1729.5402344849542,0
0.1994744326960532,578.61329050028,0.9147117138182644,6.2588909762336264,1051.025331140851,0
0.19631162994933976,1247.9778342179854,0.8733353127122913,16.639793747583255,1199.6669463192434,0
0.4782112513140243,275.54335252320817,-1.4660817622396431,4.305151688946063,2708.1762529850794,0
0.1354467875649925,272.35697280018076,1.0357008818896303,9.47558924951329,488.69820581815975,0
0.21910981619663927,389.33269276820386,-0.7245001919449245,9.269300075795817,1299.690229267339,0
0.8309992931429357,17.90270191249213,4.385465587458037,73.01259248147352,100.09697176697951,1
0.1254108953723972,585.1896745833063,-0.5379819271558055,14.598691719920383,100.63069835967607,0
0.65,8.757573973993221,5.120729334808195,146.01910048363533,305.59696423642913,1
0.8420867708509228,33.0754234524944,3.109847300666782,197.8672404275671,45.1363690585672,1
0.1625748394036299,861.2322687607801,-0.5630977064791987,6.428417908794724,2131.042494135485,0
0.9209978156985209,19.100576701410198,1.3519037630512263,75.8197250651896,167.53160431804073,1
0.1773979334761584,256.8257369416236,-0.07387276754109584,18.413166743582355,814.3603873246944,0
0.4340025005834227,593.9666215482671,-0.6760528028042351,9.052833138826678,562.6560953585874,0
0.21937387307491085,271.4698631053109,1.3077206919698647,19.143017540014533,2029.0155309206075,0
0.2035217281479704,464.6641246168277,-1.5292307799446934,8.788809051294507,1259.4833115468355,0
0.05393825108794651,502.2012144260895,-0.563227076945396,6.345852630270237,1304.6301766393185,0
0.24175621964791724,3124.56864485487,-1.3002263451333593,3.020780135993107,50.0,0
0.23302998896157584,547.0462150060175,-0.4990292550108579,10.42768004572303,639.9421378909262,0
0.05143549867805487,1048.8978963556629,0.2614526550804537,7.572161914841285,421.09977932716447,0
0.3235964054257312,394.75762548888565,0.016501757414421527,9.817689080461713,629.745752594415,0
0.030982868479558466,69.15813944022088,0.05847942305829942,6.292676594159709,981.0472581676398,0
0.03208442305774107,1416.670504200906,-0.6999776844392276,6.212736641883443,1856.2805845847145,0
0.4405714326869143,3439.9087738201483,0.045010775491347736,12.177039866661808,809.528132844318,0
0.162220755991681,576.0912160612259,0.7884485502923761,13.646432260796605,506.1877144479982,0
0.10857395699348356,432.17093522648673,0.15221814929641217,6.413315798574818,356.0101613401573,0
0.1169403261030791,2676.360536719482,-1.5490640198561128,5.671115938383996,2944.0192422303567,0
0.9368878357207006,9.75872740217268,1.405004257496115,86.89608059257333,8.790300231785139,1
0.273475656583612,269.47014350590007,0.534487954827583,2.0114275679142324,661.1341647410815,0
0.09637855247389525,1152.1647962547984,-0.18547997590425605,13.610082031593873,202.06890496855254,0
0.2567698227518885,364.39273003735013,-1.099506986648496,7.944357701807509,1816.063764487438,0
0.661680929980371,25.031469058275146,1.4140255873706833,49.7471001263163,5.0,1
0.23348941438090795,1670.5637753583767,0.8563089769555172,11.922902685416606,2492.673950253299,0
0.15761630211437916,264.7527974744027,-1.3352674726779856,8.127496998531482,136.45288423688396,0
0.11568659222761617,905.2816733728197,0.39681812698112423,29.209301717675338,529.1271560009833,0
0.09931349162132377,1277.3415382783319,-0.5510818078209812,11.518727963574857,349.6890386216006,0
0.15796903597253242,359.8656581322785,-0.9035848304901618,3.029581773816096,153.6750520245549,0
0.3894133007463185,768.779682213427,0.4764275002946196,8.559986326265646,100.77826862644083,0
0.10643423187006007,720.7320501978817,0.134795604145148,9.954813740566449,1788.449796644784,0
0.5737213388345548,578.3761155059545,-0.7944033974004906,10.00964760398088,1062.7123146294641,0
0.07226384914290708,79.75093104122145,-0.39182329024754126,14.855934646399776,219.16925836412386,0
0.2948743102344352,962.8349142912098,1.5783630689034966,21.17431453643551,1631.9046846467245,0
0.18053002044469238,669.6088946437343,0.483407315973259,43.427920745182405,2006.0885968366424,0
0.7573485259727171,20.49747743234181,3.54575217858493,95.07521715212553,50.44975404708806,1
0.1813874152486165,419.4313234261296,0.30657753766456786,14.627038402631003,2240.1004048463988,0
0.12195040841140989,2115.511525671025,-0.524967347899258,10.521653425340283,158.5195777078439,0
0.25949324240641036,819.7599143612275,-1.579013297570244,18.803584873188825,2381.041813460459,0
0.3838252583715052,837.4654381535481,0.5969332313997334,16.93616488603397,50.0,0
0.06706441165826532,770.4366775555714,-0.3731442729462419,12.66521666227193,725.9909627394393,0
0.20100359180312058,538.3873727097248,0.2232379361748293,14.348675704681693,1333.3425707022575,0
0.09176533396817868,182.93449728492465,-0.10235973398975594,3.938489547669467,748.4226218087446,0
0.8836286754706174,8.986312612668534,1.1036644877939983,113.72114501078626,51.01082123711812,1
0.03046948595756028,436.3178599655262,1.8487819077540433,10.219123776353525,584.8218559772642,0
0.65,60.91100428492331,4.483514310122195,50.00982728436423,298.09472114301235,1
0.17550612578601077,1329.6164177961216,0.02847079110942715,2.527035722157565,1996.56102839093,0
0.15352147720736295,940.3588181233141,0.2435959920446723,5.824736312390706,87.46626382138992,0
0.1612009607981331,1541.8374917977874,0.3035542361904297,2.8485171117574284,5124.9026051513465,0
0.12492196688236533,1220.094247552251,2.421047036286818,10.031609620627947,380.01969576866867,0
0.4236782400448536,3450.3873796146886,-0.19820741809966577,7.398373871940369,220.39668799357625,0
0.8313636041724052,10.430390953919781,4.418413006297401,148.00162343596475,216.60081805408132,1
0.18853193585580758,419.55930148335165,1.4293926401013202,3.0726744405710384,2783.0088244063577,0
0.3198955402614502,539.8289344332198,-0.007113751303377705,23.4269398674355,1766.07182624188,0
0.9064614722309695,56.33395042312837,3.2640340669376418,48.87246693156169,56.11768089873654,1
0.2228403667420916,750.6397067711249,-1.6930989902853932,10.657494438017677,368.38133176179355,0
0.7422331331089658,12.921533955699223,2.5589089531666596,95.94769915135495,410.18752472782296,1
0.8510502057940653,18.184336282159975,2.9315492281184583,77.00419554175471,78.20052733612823,1
0.1638782377875309,601.2461971251392,-0.5019054959014345,8.573679313173916,2302.065378799076,0
0.2315227423418599,552.8986597479368,1.0849845350839589,5.029359190445603,1139.0177937380145,0
0.12111598010468838,761.2289242783145,-0.2668432720982738,29.217756677588927,1172.1521820870196,0
0.07298551745332268,1532.0977440457173,0.5334715126139251,10.643722438112935,151.64658743473512,0
0.10621907660526451,5000.0,0.7456392037006585,10.41574686259045,250.90969700862522,0
0.7692804007131082,51.209562866484426,2.961337543381077,86.46712697209476,239.29069632501464,1
0.4144284645785589,427.5183940646308,0.08136994395373587,9.1787343290313,2641.353096772361,0
0.07013720120176,934.5060259564151,-0.1453755978941602,13.317720450018093,980.8518954537196,0
0.2801564862557398,319.14991836912174,1.3494526149153527,9.967415761658948,2821.847792735976,0
0.03312887777523874,510.32903520606305,1.3824469318752208,12.534607654924276,570.0369041447495,0
0.16710310949011817,525.4690699424586,0.03787162958997776,24.19349697384976,699.5522768424026,0
0.3688193464675404,5000.0,-0.532271406621378,12.424895447936471,1189.119969223709,0
0.08302124254207288,2240.8602923730045,1.057708703864615,7.071253791195124,219.68803215866188,0
0.9571403605446667,8.035553916918317,4.256198848683836,93.28046818252629,46.8260320660749,1
0.8452024888181465,50.5891022989238,2.22713970424505,71.3373396244052,14.014376707265344,1
0.25863552941367474,464.4020665755848,-1.0540901901297357,3.2240065443678985,50.0,0
0.06469423875060122,1694.9100998642832,-0.6482773740771043,7.0671096415368435,3027.317992528492,0
0.3384487423108645,466.7352324283244,0.9746891382786231,9.715600703953786,1252.0897243021002,0
0.39904007744068126,4765.611460828301,-0.46276538466673195,9.49138481514729,204.42017939280254,0
0.19273975980397437,664.246789663661,0.3487197254894737,10.50900760143674,559.8238087397091,0
0.06834797483086542,2716.5209150057362,2.1204332586021373,9.983433354469032,654.096297402443,0
0.1714469140567701,795.8990564948685,0.03053830458183765,9.743987166991417,2077.217576717677,0
0.13146904598255962,444.3528106633165,0.37662298467949346,7.122342132840292,2183.708639874731,0
0.327638573190846,1326.2294903799766,1.1328951718913625,8.817591733724553,1749.2011984752087,0
0.18784585645425694,291.9686768296951,0.9795176008871962,11.883715849975108,8000.0,0
0.16172982205417294,330.8118480795614,0.2570751986749299,14.434380213554228,1179.0392168406288,0
0.25789311676326043,234.46509121901127,0.4001529638867084,6.481503029627907,2267.2469588446766,0
0.20466182246346384,365.32233760514424,2.1055880368415036,21.225700426216928,337.98201378693363,0
0.10118496417945051,582.8947276002873,-1.8220318502709199,15.840457362029806,1030.9122923913121,0
0.26922439394532505,615.8841030169308,0.4102348444216199,9.233954097219764,2121.9472502658205,0
0.039371340892468756,265.6534026020815,0.5291849914469698,2.4747441963078707,2051.7527758910155,0
0.37928358932708783,1010.4750599240804,0.6497188314056536,10.253792717201534,551.086776988304,0
0.11775139439516079,519.7746077230902,0.14143731921915112,3.631582436690308,1766.0684730490898,0
0.2520666975858372,341.8207505351661,-0.7237586747755422,11.456419860553517,262.14861655496605,0
0.8279826632514341,46.87066756450923,2.367181749309056,90.17189766979901,6.901466530110101,1
0.21383299107967266,747.4656452371959,1.0804184680889826,22.83162324630201,863.6326877108507,0
0.27675165780127287,453.65186613451937,-1.5703990713606855,36.50103482050801,223.57192028156427,0
0.17989498774068235,541.821747093772,0.633952933209529,12.344519065278583,50.0,0
0.09543333500337425,1042.4313474221815,-0.41273145944754897,5.677928756397741,1195.2650576877786,0
0.4269371300118149,563.6892596088347,-0.6626905609498676,7.515489319318796,3295.5094337157757,0
0.08274831918832778,426.85439219739663,-0.04951421173240328,20.813219457125562,739.9098281002235,0
0.28329738301373664,421.1222424736833,-1.568116139134555,9.416305461027433,50.0,0
0.21423873466135318,88.48502985481711,-1.944590623903561,11.098560571973438,1583.8104220303771,0
0.2954190066632751,239.19330868691668,1.3841058465059235,7.41690004264212,3003.7866939932155,0
0.8619899746346673,21.45980894800319,2.503527716711218,87.35458991026131,9.73652080475787,1
0.07604489038465066,879.8806324170966,0.21489124675346327,2.924768067792594,469.895592249214,0
0.10849354923369983,615.8676647394177,-0.5588871228816459,22.693854856457804,463.0779342002065,0
0.80933347483322,82.292301838754,4.382260317588731,67.31882444486806,600.0,1
0.15228803494088322,465.2124014990494,1.8393922221948047,9.821829224235014,638.9260522040782,0
0.23075195561494732,138.66186358597105,-1.5670564496823811,3.358433635296859,170.3553352251084,0
0.15649589952098383,129.68047380413253,0.28699519308761895,25.814068941978284,1539.1355061978097,0
0.3778721528261874,369.3121216403467,0.7633091755024936,10.693857118529671,1106.903493889674,0
0.22103110189987024,4009.6351866782675,0.5404641840280625,9.300552997862942,275.2307010163487,0
0.1666169743881504,1659.81340898113,-0.20637242832903097,5.856930792001739,172.6142246326882,0
0.1845798232770183,191.8544368685148,-1.400102278217654,10.282452221953092,1622.9275392975135,0
0.31190151974853075,1845.2742466879204,0.13986058075943492,11.508663434143147,409.8471906432652,0
0.11427970978665979,1906.7432448524453,-1.1087492664026029,4.56115402626286,585.7166202312083,0
0.09324964248229231,423.591383542306,-0.9006709800519722,6.287343665200453,513.3490185430148,0
0.18292587487534234,494.39366603858736,-0.8576223481606312,12.426752415336427,202.51631240662604,0
0.09111326528828045,174.68991567002809,1.5951138587973928,21.312117645303786,790.8777282289154,0
0.08317677792537959,756.3346912492331,0.32768368702794237,10.493575632123644,1011.2346469078424,0
0.47671536580943735,1218.2727695656183,0.5043085018466044,31.693513731558397,257.58935013048796,0
0.07401251413972466,294.0462023625338,-0.6336022487850572,8.945817916189888,1289.7546900734485,0
0.19095361919587328,2151.3848921995464,-1.4525117170069197,23.26211639886951,1892.8188824797335,0
0.3706685429444188,1850.7234993912662,-0.2792342453730181,15.988085383989457,529.136291995678,0
0.13508999791922413,453.910370759369,0.5478541778069962,10.908356344007444,209.29128576790768,0
0.8181398683951546,24.004992083568666,3.1315254682840794,75.50882801723392,16.60240355519078,1
0.8215551057219252,47.442442197851406,3.034439040327223,95.19435441224934,600.0,1
0.3438724809293623,2335.535113952364,-0.980762897678293,4.171300077991938,2532.720662312453,0
0.8923642381515593,24.638253008711036,2.268184952697435,103.12834682150435,165.78737900582377,1
0.22874328978425032,652.9243316980294,-0.461023951662115,17.73701267690802,1658.974750888403,0
0.8647371576306093,27.934938837993993,3.0145421702581174,89.02764695912347,68.56171563438369,1
0.34967572748181763,665.3944276369165,-0.4223931092077327,11.289805421039173,1370.1613995788694,0
0.09414461548152038,254.43767182565406,0.14398735931157194,4.560984070436557,59.8191117438589,0
0.1460673074597303,693.40405928569,0.27864706843077663,20.337633501797278,880.692281848889,0
0.1166362529642471,160.818829783087,-0.6526273270678512,5.413828777604742,3790.419527186069,0
0.17924427152713412,443.9091899627584,0.6688085075182737,9.629518738861691,2165.0557976716295,0
0.31329586495314954,392.1053320317095,0.09988225428788719,11.721470020284926,2141.3116174528313,0
0.22455737098221684,421.9766007055829,0.04352247168573978,4.403933193196732,148.29426443356687,0
0.13765125001234177,405.32579087528836,0.007479646429047295,9.245961165913354,4814.602758212178,0
0.9238321055169373,45.455056882161394,2.271784097388898,80.20765755827142,46.23387972636049,1
0.08209858953720238,1049.5722752839677,-0.12682249565295442,4.832606804312378,340.94859253681346,0
0.3019174244231469,1485.303452071175,0.8519383324555878,5.627805585540434,143.30821072492105,0
0.2793554645799768,2372.913459897396,-0.28730538234011005,14.108568634182193,236.3567809222245,0
0.1989571056620118,243.76435911891005,-0.3469298048582003,10.57268600144241,95.00053605806093,0
0.23463926689245387,288.48268860031914,-0.914038092573377,4.967091268181594,1535.0414972420338,0
0.16928780889229084,1106.6805831980778,0.16296212132498594,5.567755046260651,64.32304299075524,0
0.044891495733007575,2187.1581869706256,2.1115293313101033,5.7637835312709775,486.1342600450665,0
0.061456740148598483,422.69589431684216,-0.8248116295306533,14.113895451525595,196.61947014342203,0
0.7964430133568002,43.13110878308922,1.8132246776916316,83.814485555924,67.0458039310297,1
0.2548041415909087,1067.8908513049753,-0.1663862645961283,6.6977764241563165,50.0,0
0.0856706991487663,915.1659772788645,-0.11872731090036714,15.747997028485432,314.5232870977714,0
0.0532506901836207,613.7950230597581,0.7062487217573207,10.536847191795935,155.6562118948433,0
0.18633256671102846,1228.685116528221,0.02665150200081768,4.945978366589204,804.2637074106008,0
0.2712152857935703,1727.2436862102531,1.02811909597611,25.437742870739015,57.576868287949495,0
0.12474615049672291,416.94622731258545,-0.8483203895479107,9.389000645048382,483.0273337263156,0
0.044223649685566524,1109.088979833058,-0.7942043815996842,10.243262258511763,1634.9697215703368,0
0.07384482393744729,567.6829427125925,-1.9664664708945478,8.621276642002314,1440.9253193021138,0
0.7802178047458965,55.84123705811261,3.1802023171637797,88.17700949021854,52.450599845665046,1
0.4067932713166642,1114.1109099814132,-0.6862469680194502,16.531013302749802,8000.0,0
0.8200427073616171,42.63969690372874,2.748326119355065,110.42211055167934,19.085563602078473,1
0.36495980798379757,1014.312018446622,-0.12902212061381108,8.35827731023528,61.13440595578418,0
0.4466472261075709,1771.0012589783237,1.7923918784038924,6.537089809510438,2856.6374589739794,0
0.14147808960740937,1205.5913507073942,0.9249832473220889,7.461179759913467,328.0215993064417,0
0.8953143229448973,14.149560550469221,2.587028130356655,137.10079322515668,85.91665193899121,1
0.8534249623414608,61.0792006023827,3.235452538062681,196.45854302112292,66.42940039553544,1
0.03609015620619567,466.65268912332573,-1.2735293254384898,17.098117537544567,50.0,0
0.3765652302855751,751.3956690233831,1.1679583160123588,16.569912027745534,1060.8100035855346,0
0.23556791641076671,996.1030781252318,-0.23326820845256688,22.854811667606064,50.0,0
0.1382501329697085,671.2310738208386,0.4243511092180204,8.1374847561122,952.3159478061034,0
0.25907636802750095,141.34959033582084,-1.6429845601864217,6.388321486107245,50.0,0
0.3229559109963319,780.4414782480799,-1.5724754137934402,5.831358223071633,417.8192807961502,0
0.15656065387146706,174.29513306548006,-0.4779677205360946,9.569982375111504,2225.0641275297407,0
0.01753774353719433,445.55784206911585,1.3397350448986038,8.345237737922087,3861.455582586958,0
0.20697904248921886,321.90404605553806,1.0668120262667529,10.05474295851517,259.00349401193324,0
0.18254153678875576,734.8623730996272,0.11408741457432525,7.526630347147854,3202.2858349389735,0
0.14603710943021572,584.740275629207,0.7182561254740842,11.756595363916034,985.6407061748996,0
0.05812159026673681,193.68910374513135,-0.560141645187876,3.9881948188498795,50.0,0
0.2521555765882483,1425.4425679608628,-0.7620901833167675,24.162811995377957,50.0,0
0.16028322934219974,476.0582862381099,0.9967926857008693,11.16546587131036,1330.7891072919108,0
0.23772259096218903,372.747734616277,-0.9302300712945782,19.586013101517413,627.0581122584916,0
0.12927065100952181,493.138979999805,-0.6356670094972448,12.550918275207227,1034.0308476486218,0
0.422867022259932,343.0790169934784,0.585578769772898,9.246722839752813,120.18923692581664,0
0.65,23.917350574259455,2.7262530810189403,126.50825368868173,403.6197660524447,1
0.12500359154716958,475.26667606942164,-1.514205883340986,6.4910335825052545,3787.602830186142,0
0.8103287219098025,31.390156055700313,2.886445832432502,117.48894880255705,64.55090326601879,1
0.09056871620628884,494.65314090624713,0.4944415492128766,17.558084575083676,50.0,0
0.15054602367258338,344.65864073770337,-0.4050011543970049,13.354673218776956,91.81336315769967,0
0.8755382414867419,19.65462645891877,2.4698549871029147,124.67641051913535,16.725301321867974,1
0.26100927044165434,571.0575680786155,-0.5178459011425355,7.264542303637546,969.7949071280041,0
0.17374843594359599,2978.8884897030885,-1.2297953239663866,8.598648224135191,816.0570828951463,0
0.9107900586668629,22.54876524172934,2.7973565410421353,69.98834851026908,76.57684853538849,1
0.1265169899206807,229.9471219783462,0.7167330077054214,25.269174101658265,1188.3081880852367,0
0.9145127322918377,62.018259187397966,3.8230469582278244,53.450369034306526,299.0912447950194,1
0.33225494881296586,403.42748761215165,1.1073036591039138,5.7993547691766105,1079.5860343558602,0
0.19217471019004334,2007.2178345076024,-1.2357408309978233,2.425028706730238,668.4626472287276,0
0.09811443109978908,261.1478173869322,0.5026443487530131,7.329835538550288,814.9059901838134,0
0.17716668117562304,381.1838063961363,0.9468532535151475,13.282419093488082,134.0947761385071,0
0.26076546981471743,656.3151659892857,-0.7372841495408139,7.645448769008675,1658.035571592534,0
0.03702292684201334,263.7697871553817,-0.05330034288490133,13.337301055582168,115.97042448151284,0
0.37644812653498505,1663.953210227076,0.7599414153808475,10.280658797412336,669.4622393863457,0
0.8039079900076442,33.89666825859917,2.6483494490657655,144.39573291300727,78.62642621419934,1
0.14947824879161287,317.30752754094965,0.3303854946215733,18.36076227145908,818.6442018602445,0
0.057558552024822664,175.08143459292143,2.1031395333905007,13.51540675581145,1398.8089540833228,0
0.2471808192526801,827.0303427050701,0.6478346730955673,5.7386505043168246,1127.8430788503147,0
0.3102491591169886,1069.0349712074415,-1.0998611138199144,21.188401118986402,1894.6651921274215,0
0.7163461561908147,22.894807315448944,3.010467414643181,83.18012071916752,47.46775782650274,1
0.770849594738705,36.425908022583535,4.009573274528817,87.74828374417078,52.44905589591822,1
0.27418526554522293,230.57830571579404,1.882649022652715,12.607383823215773,416.9829655570681,0
0.1177622618451269,385.37040515781484,-0.20571515900948276,21.56870085889753,932.7834647332938,0
0.1374219205630394,442.4735266071502,-0.8162192266205438,13.985533685600055,241.3371986675912,0
0.06847939155831861,300.9681816629603,-0.11998716983428719,15.964269250705446,1459.903144661338,0
0.24799943793473028,738.7476528135486,0.09319757971588251,7.6026289289011135,174.79198640347647,0
0.05893778818694408,152.9694338305456,-1.1259551056841715,4.972006970537572,220.52888318242654,0
0.254039676252069,419.81972110422583,1.485956554475849,25.208535456231747,145.52030113770417,0
0.10561345481103085,1006.5896886439824,-0.4517559230728214,4.685486178527678,4795.104634991217,0
0.1739361350681116,331.84210651848286,-1.2954216009991038,9.375675635155902,3412.9560406056753,0
0.24404806133753815,476.5934669999972,-1.3788087327802274,12.592216756388165,2945.731194840759,0
0.161172247730865,1847.4820345867874,-2.210759421982058,4.677445710060454,254.93282677418517,0
0.19354303656750937,370.07455798918755,-1.5515900024975802,1.6505769777283625,236.02529838701892,0
0.65,24.056855927186938,3.619967332990844,86.4175505485153,196.80616913282128,1
0.24222645711606006,725.5711370848641,0.4501939723114331,5.28260566013222,1481.9750688692523,0
0.65,16.90358163852557,2.9875618721096444,44.755213955312755,5.0,1
0.05953686130987359,310.12665188396056,-0.8005071005956687,30.804970285045798,740.3365791551488,0
0.2540483864973157,668.9274309046967,-0.3420509841005016,11.614691437962694,2911.474438637053,0
0.33648533033064704,415.46912267445373,-0.7318368323022549,5.9002221990827515,569.7611965808,0
0.08148602653922372,963.2945265751953,2.397116714531808,12.376785417386706,4457.7822907156315,0
0.9320675110142902,40.68707962498407,2.521073071260001,70.35255631503311,69.78910432574781,1
0.18938844288077764,1142.4125169509466,-0.06530673216548083,10.827110053970824,50.842657659911396,0
0.27256384155857877,1277.9126266402277,0.9343144797343041,2.601572188817434,3983.5940736951056,0
0.3337613538052593,450.1719923306704,2.017362737225639,3.10676850246966,123.91749790584174,0
0.7887997840495717,28.746165396143784,4.093235580633686,50.21925179925371,93.40768493684975,1
0.1560165695252391,1421.0481263282634,1.082841997413703,12.059499190971007,4027.8769095887737,0
0.16900684632490237,1327.4809616809146,1.6603788189729718,14.637945467630733,1244.2896221612336,0
0.18879443382778816,829.946809737822,-0.9743269366169109,4.786109985148094,2439.0803067612032,0
0.65,21.77390900292904,2.7761142298841572,91.56451595145175,600.0,1
0.12916642862458258,250.69105627554922,-1.399067540706529,14.368137608894543,5222.963962306746,0
0.12521925337372888,1511.6015919309446,0.5398631944766077,4.039611681735775,166.97704081052592,0
0.19294983228614476,212.94082517615928,0.33460729173072123,7.925337457604699,452.77657843397077,0
0.15447946986865405,2969.1731927628894,-1.8667962677622671,21.226471255684825,1499.1537842479288,0
0.2538383149150696,215.9573251354425,-2.0460769709014364,12.98102947851692,920.9129247180006,0
0.19162794690557766,2469.125238887297,-0.1567512894832428,3.7414419789850357,267.0591168093594,0
0.2839412653181507,471.10104511275745,-1.1391242192384,3.8032259962976642,50.0,0
0.6792196710948805,38.88528742236001,5.821935342811465,90.79391325331227,51.08632839511224,1
0.345199014692429,177.56809867059516,-0.9190805616438537,4.187205794058784,1450.5962426123535,0
0.2909017028417489,581.4042882441097,2.186975838944824,29.25313427421446,2460.9874512587307,0
0.08839596874792835,495.4816464256701,0.007824794249462879,24.362741645535984,396.79068647068965,0
0.65,14.990505076795204,2.9843432991152907,90.43084091273431,130.68902703725777,1
0.8448397349441628,21.94574693980487,1.4442549715036157,54.09533957994357,13.739218128543772,1
0.25575115469943294,572.3026607608228,-1.4438161822304212,5.342792949945693,350.2197158851982,0
0.22321652606193285,675.8786321921775,-0.027360490044477766,28.179441276816124,1003.6273531410855,0
0.09575470370364647,821.389637570512,-1.2877346269007441,10.344938601592265,508.70643702056435,0
0.65,35.47361804048681,3.9906793405748506,71.20827369933998,347.2286618341616,1
0.19271956816156938,613.9444099150516,-2.3209687332702673,19.280888981918103,616.1594331934948,0
0.9137173929111733,44.73975075834592,4.434803898658848,100.39766916173662,65.31548588401238,1
0.1693052036644267,1079.0107446208046,-0.5862528572757782,16.540314408335387,407.3522622014798,0
0.12395838000505162,1899.481021859389,1.0099736495390559,6.848951425934314,729.7997515949709,0
0.07945737102111591,559.5795150760381,-2.136013549439347,9.704017086717805,310.0996592660592,0
0.15029321287037345,255.51908342995782,0.1314159981957143,7.800942874793888,1984.6396697501946,0
0.9237184723193224,29.824827597898977,4.279936293228481,162.9980059863031,22.619318243108086,1
0.04424312816032007,1077.0008956539057,-2.445466020015286,5.2612080566782895,1437.8159147198971,0
0.7852685586506278,23.89519480599362,4.1984669898143165,93.09437944866337,28.546628329038064,1
0.15856417771242562,1523.5395814752776,1.380305727730805,16.53464043483565,561.0414082786712,0
0.13418290923266074,633.0505313262406,0.05386096731583391,7.131147654866099,539.9720964071636,0
0.4300701560981885,440.7548319089629,0.14572142752565,6.119631375221553,1289.578859741077,0
0.7084482021304118,20.545457581676622,4.364087807851313,62.094575989713405,63.134751067033086,1
0.8454944299080814,22.79071707052753,2.3468414072552637,47.58192965502821,175.20021383789572,1
0.1109911827971028,1293.4620223487898,-0.03201305516339899,6.68457262701375,6684.6711185415,0
0.06912399001222189,2450.925140383993,-0.9192902417102595,12.843717158574588,344.81006187945553,0
0.9080954045740783,17.9164660849885,0.5722784998571366,95.04932628628112,7.624350151023625,1
0.3281745219329262,482.05359348803177,-0.924265682071542,7.106163706963632,1034.2257745274087,0
0.12127523990273918,1229.0040033873888,0.7657418774365927,24.418938515010527,485.9018849807625,0
0.7982281088719673,30.503839576447746,2.906656179120067,94.86911555953039,9.365305501923359,1
0.2993994750121397,687.8695894272079,0.4648713058467087,25.255264162361645,869.5587370631974,0
0.12089371859732742,383.9066456974896,-0.06737104723034884,28.870957886482135,1705.0593485842935,0
0.12323653672377526,200.1159962389224,-0.387634370176413,20.94787322782049,516.984189682654,0
0.09106377505291915,1174.0884304017488,0.12012676591124238,7.537942765329419,1089.9414799178023,0
0.6808774081859459,12.771779985836902,2.6990095952474737,71.88544781060554,53.08988930067171,1
0.05321067711925714,948.7158224125525,0.18218970088354047,26.43330687774145,616.5530260684403,0
0.8786872263746794,60.69301354088836,3.434692987661703,75.70280829198946,32.04482537068215,1
0.3684837511319852,348.2064601228104,0.5239648102740447,20.84177144704646,670.9924910197254,0
0.08141692220007932,648.0910169404764,0.6863922592415442,22.401793365210626,1727.279977899291,0
0.013132596122897564,445.9322294976376,-0.47129437903039967,20.99672897740292,2465.5795496448936,0
0.25674460401797583,1122.0708013417275,1.3054061967942658,7.745778668364945,1127.9823981553013,0
0.1270287892811351,865.1193490711696,-0.897707398975251,6.375883538927589,3290.2990328424635,0
0.19949042423404972,948.2746666130635,-0.3476868351554792,10.283362003039185,1217.6582995186818,0
0.3256737701047828,524.0668716087084,-0.6123258893036978,32.75892593547646,1337.0924104043436,0
0.06683801213742026,1104.9105637894027,-0.8851989490039494,19.655986749020524,184.3525926683723,0
0.3429607414101108,1046.4160366573883,-1.3560472087346207,31.4260975304163,711.8007483532667,0
0.7036005334657666,24.93714491741662,2.9648708588657016,112.09819339850068,102.62801785962883,1
0.23984986530997568,303.9392898400193,1.1497037829678218,11.101009853209153,158.0610737108292,0
0.1851804765367678,3153.846079625886,0.10552193400288436,7.088227520617467,2591.896399622875,0
0.09049524623671437,358.9944979490781,-1.0002041999857756,7.871462866825569,577.7298828365365,0
0.23097602949692797,959.6689505653272,-1.1572138030168888,17.287165672918267,641.2704903883695,0
0.3478720667689588,568.4957026179609,-1.96549837200535,6.9966377014403225,867.8951853533555,0
0.11094558469031104,615.7154700305484,-0.011464421660137695,11.472437112203284,248.9294685783075,0
0.059567133894519744,217.54721498910175,-0.3578624970632518,17.188237466325216,1062.6156067313798,0
0.057691547777816946,597.6478749211867,1.3081440935060493,4.276727174526278,233.03319456280695,0
0.30743681084768054,535.497473624853,0.7469086177168098,13.401944731238558,2231.122454421136,0
0.01,210.6977331360861,0.017346018033554168,10.750248191215892,2882.773528333126,0
0.8635829518527116,21.175467385974432,0.9450693867129416,92.36038094639096,5.277979048251942,1
0.8157197278378157,11.856940149818817,6.190642506315716,87.87272146359714,87.91088683551487,1
0.40864454361966374,2044.45306396147,-0.9280746281357819,5.1544509228961735,1297.048936317092,0
0.8707631233354743,27.41066494379884,3.3713522044288298,113.18717148452384,133.22384818274378,1
0.21714938265585257,933.2224411355323,1.7951044657368305,3.373117460916639,871.0505553244616,0
0.9088284711611371,73.52477722250362,3.164731006915749,70.54887950954449,444.97439243532534,1
0.8449935001443407,21.513806450534897,1.4856061373752887,102.57818091458056,320.51956199188885,1
0.9626554465334859,86.11744536915876,1.913742160904295,118.70805991067849,73.48091170849152,1
0.06835190345825191,75.6873265222111,1.7596491716141998,15.70555285440373,1939.151888295102,0
0.1106665556975337,3353.4872231915692,-0.17832755679598694,13.352506419263083,1474.3494150825597,0
0.45547543120566253,707.3824777988868,1.1736860507455957,9.701214995159722,1542.6888184229167,0
0.25801027975791085,98.4832254039035,-0.22405070623448545,17.92030774063656,3393.4731884942407,0
0.19780389228095788,529.4090953273404,-1.3877535617002592,1.758449261781586,437.9926190760273,0
0.9003261803395146,40.0188356380409,3.971489326092432,108.9054358285591,39.15480932387668,1
0.2912921594134636,95.40713863977264,0.3070036236254948,11.334702982350976,299.7906947530742,0
0.10230193699776392,2894.681197365079,-1.1160387151997586,12.143949772439996,1222.4584479160687,0
0.25128662396021834,1396.2709215570897,-0.25951322448209657,11.874272827614774,441.16652280337246,0
0.16753513468323997,1365.5311969592576,0.060236172935012884,14.0330426567234,362.4938534335835,0
0.6723083546698029,24.12434580130256,3.8229158692966765,76.05240293266455,14.396382112592017,1
0.18713863804785505,645.5749381682228,1.2688329951005763,9.396221686587214,1268.9540044433652,0
0.1401518683256066,268.10082715577374,-0.5882173516959495,10.755875881833358,1243.0260336786002,0
0.3040969880589651,1632.6169994096417,-0.23307515911902602,12.622446830217143,1855.916944396618,0
0.2559647916598825,1284.9984299423693,0.34553662499574495,13.491406745818626,79.54533297278421,0
0.1935678498334089,2424.85585169114,-1.2460946698818056,6.976817555651618,285.4106393988644,0
0.7611803316090479,48.88082386522862,1.3259937224234017,200.0,61.26182424340347,1
0.4411853605605628,708.1593705167259,1.0128091542036002,6.195611844233545,50.0,0
0.7462083579328346,33.9125804383397,4.562285620510904,170.98886977024358,246.26616281419516,1
0.28623546307127684,662.9180617833542,1.8107116629183762,10.363325828353243,501.9805255015745,0
0.23296468911455748,1319.0457513207584,0.2446226411142813,5.939432886642512,400.672080943297,0
0.18779035016279405,284.70284722222414,-0.020421779816222816,3.4965051932150875,3472.6384108758916,0
0.7467689582158975,36.58089762826797,3.2351296930683815,73.30701661322213,101.3175749377627,1
0.23699043232909275,694.7906304633782,-1.3191114553240175,5.958114959075054,900.3438869815812,0
0.16146955152366566,311.01713356144876,-0.11001679075579433,3.0637257790207384,3860.4287154223975,0
0.3366089221382588,433.6855827266735,-0.3571940780807189,3.6435347169181864,608.9051076887575,0
0.9547175081460948,34.07895331448111,3.840925770676051,105.77950765305465,92.64615545029609,1
0.7922352064324717,32.99238305383193,3.480476404076243,119.03643512171374,63.8365673065159,1
0.10255229289017562,590.7749389305421,0.05641486202585029,37.41851453576252,1139.2585925836263,0
0.1707637263499615,127.55004432854513,-1.4213777432749946,17.482533675995192,501.000306473802,0
0.9504555462015878,31.311530868432897,3.3719892751375884,151.05777631867392,60.10566936210409,1
0.03446315610697731,783.7701096371815,-0.46288917542522895,4.2381541911952745,347.4222642055691,0
0.08188580156604809,434.38255078183596,-0.8018469900399894,18.551359571647062,824.5767701010861,0
0.396919122189361,362.71448782200497,-0.8168032658303619,5.040507703982472,2047.3787455984739,0
0.3575748745379217,436.6123817545487,-0.12314628929921174,9.2962375870244,93.07574462702226,0
0.20105193051315587,921.0020700493255,1.0445095432712728,17.376455029846298,747.0611249072574,0
0.3319479239275328,477.2161404889713,0.0184485787202093,12.056602659963227,902.7070603139547,0
0.42015851270662447,1419.8121815698905,0.5159942376845734,28.145209919604312,720.8327754473097,0
0.8511372793028394,33.1597784352141,4.741572407990699,108.73380283006252,14.76847523728139,1
0.12660614737952092,855.4913665879395,-0.5973450139299826,22.03603319857205,3520.0955423465152,0
0.08688024820097523,696.2632828778301,1.547019907055494,24.664461457500828,3408.723114629762,0
0.05493181846821983,454.67823878736436,2.5538507769753256,4.438892931177999,473.16721198828355,0
0.3097567258350343,1739.5539779393303,1.192672233415663,4.682976877002703,1161.9722246238287,0
0.3024942290020163,1847.9046337744555,1.7284653888049368,6.393522630584574,111.50592525299616,0
0.15899085613309058,331.40400450223746,-1.4148321576237166,6.672029138018743,1275.6329688809594,0
0.6646592896928019,15.184992115216449,5.262350395603817,127.55699192684858,5.0,1
0.8881255286375064,19.478778411270508,4.257080836817191,125.78446429071877,162.2061044350209,1
0.09451019992477401,930.7562242282346,1.9969673332808837,17.23982582785694,440.40163765234286,0
0.2474003340288005,3001.3471122363517,-0.5566472142917076,10.077699138640147,50.0,0
0.8390114546584364,18.083588593264693,3.3959859291966805,80.69467673774749,217.79084912617333,1
0.1702649910199288,2375.6101193612053,0.34780868217258,7.9991129494029325,912.5520356805578,0
0.07557933624203365,2327.688139987117,0.8204256293327086,8.850024316992195,356.6843972856074,0
0.35062471488825775,801.2513132726771,0.38006889507920627,11.56275609580614,357.6518401993886,0
0.20820090429871574,1355.64902300892,-0.5981801720511966,1.9850029098325384,1014.9216520058475,0
0.16209681788575844,373.01361589561026,-0.5356089152590949,2.820394753780435,7163.166117071024,0
0.22109467970937072,848.1107769142674,0.5995169900657619,11.680071054018025,1237.9502346332233,0
0.2388860308817317,585.6035427046085,-1.2330510401091301,7.243846926356289,400.5986457997486,0
0.8722461293491202,30.914554363900965,2.6435585918353715,97.58342586003226,78.0487612800465,1
0.32324272581031666,1382.2160188597243,-0.26083011224162383,8.349830899677642,1852.271614659447,0
0.19681722272922844,1462.9396179509667,0.32904178781092575,26.567708302029843,1140.9445680922818,0
0.1976306608222363,304.46379769842923,0.0969961771382324,8.729825233878685,3380.039218253613,0
0.9468616161700041,22.981612953030623,3.0205616738713954,60.260568133674724,26.541118743042652,1
0.08652193553103217,462.00878261890523,-0.09909364909249228,14.082759954279407,2086.6968531875,0
0.2871308979749197,2282.731498319644,-0.4107905124005407,19.603157045276546,313.8373684175036,0
0.1075270431373715,811.1157821278005,0.8132973539202071,4.329683571998396,280.08871507183676,0
0.16202946315624273,2202.152385566438,-1.4577983780777652,6.5727810706411285,113.65953332957912,0
0.054058987051296095,1051.6560247846955,-0.5062293279069283,8.336718332783583,1217.9057578465565,0
0.08283801296418804,976.2265290489175,1.252252447465621,10.090912497641028,1313.5045440015824,0
0.17295432474024844,2242.3213862777607,0.13843451934986478,16.531825916955523,1492.5734232224963,0
0.8898692622372716,28.738015048157624,4.872674204687161,65.5263447886122,13.949333748816878,1
0.7143600228126157,28.26745823331179,3.2686006714785454,91.68946103034176,13.06315426513606,1
0.9392739674375585,43.33359966171908,2.0838560699586646,122.08962888719117,86.17413863313352,1
0.15327172404760506,478.150473022462,-1.1032267648895286,18.831531466840843,663.6929594221028,0
0.8231733088243025,20.802041454640282,0.5,44.802134498437454,582.7584668193999,1
0.07755997389777644,247.10648407990905,0.14052564685357408,14.227446188069052,1003.9687317596713,0
0.7435809633253377,19.672138664395185,1.3049040055620253,111.03614183440257,242.92929294955067,1
0.05457966093422616,402.57835418214506,1.1330308187216436,9.968992230224973,3202.679014178893,0
0.01619497973492601,1317.150077071764,-0.0045433567934511625,13.116007950669434,873.2217666309731,0
0.2468118092956119,720.4964766497363,0.41796427584949686,11.243214937156312,319.24858436289986,0
0.0949880414334692,1371.668718245425,-0.5170751865893547,15.015846165805872,663.396905502672,0
0.11816625706422154,399.1178090896065,1.1515917063236467,24.295483197886576,871.0679543951383,0
0.30102831498824006,521.8839876474224,-0.8575674293881075,4.09185448012668,887.6806686798889,0
0.1842306175308571,501.9138326948993,-0.8020953230626062,8.073870311331179,310.55195930560757,0
0.3104143033084286,282.6170692402549,-1.2007748659230675,12.283724349323117,1164.8195990010763,0
0.08795480786234197,845.6187607868101,0.49323017458277063,4.65145438660043,2312.150631640033,0
0.3511687216688667,5000.0,-1.3861072770209515,16.01757709144794,61.06826005461937,0
0.14123880023292879,1935.3910309779735,-0.00432472534322486,6.470785628024275,382.679693612779,0
0.3012105589299179,820.4974061528856,-0.08553040194807149,7.803123791855829,50.0,0
0.06248283966031161,715.3277339120791,0.3431918017546363,9.066264407912891,54.958553627845525,0
0.5348421327697304,1551.3252474845278,0.8320751882917314,11.326553407490689,429.148639002244,0
0.2697059749998846,241.26979411949407,-0.5364631441187353,21.571772184754316,518.1943524156632,0
0.7767676402456253,19.64971291996266,5.457588103473388,68.59822774735261,242.750370902677,1
0.15909010091334566,495.4620556243458,0.24038882250459914,17.360189230979074,992.2065499703893,0
0.37812224988387333,1053.3536149059992,1.1326273236930104,13.277445918222003,917.504668003185,0
0.2391296583809116,1161.5782618953633,-0.03533455229394842,6.332546457645908,2850.7274343450385,0
0.30106598783946154,388.60712818419677,0.4594585159669378,7.69496502274216,207.04339541755695,0
0.3162572935986229,755.7972160921962,-1.1174080437839402,7.373724035976826,557.2182438748562,0
0.7999981396778868,28.92516886775527,4.636745953397376,59.200830524917805,317.82430371458815,1
0.1975245277670996,575.7665008149289,1.693828127622051,7.855784166852175,1311.123812574159,0
0.06227004072474524,1075.6156122634911,-0.3857830599207645,8.734138665985109,2973.414004740271,0
0.01,619.542347635446,-0.4611095775797121,6.432203118171056,3091.590246271672,0
0.2079548956145459,503.01367690127074,1.1274027270645783,15.189743779058212,483.986510923197,0
0.13097620983948394,1002.3727574529003,1.0972944832701201,15.869892024924042,1024.7049193349199,0
0.124514340512386,974.5342682635975,-0.8338486925060067,15.719200558551705,210.36403750316748,0
0.7565254356639252,31.03135803933852,1.7051591485794548,69.96921355732746,332.94433509716464,1
0.2948675343213751,236.4018505595455,-0.587964036746098,6.96873543715869,729.6591579790502,0
0.20237909442860227,1428.9095193489086,-0.6204262062534526,4.2059803242869505,220.2034851552711,0
0.1950203011430005,204.8306432738214,-1.2407559440975204,3.0522573250410496,2198.9340962318865,0
0.65,28.64839074217174,4.483129778395243,79.9137579938613,80.05470211432754,1
0.8424417627638668,15.021188249235431,3.8917114555040473,111.69811288024741,35.81807570848806,1
0.1658098324010826,434.88700264684746,-2.527929578593109,5.158474586976624,451.5619562112569,0
0.2671183056466081,271.9267732718654,1.6592156871665222,18.529668465143406,1918.0553400758745,0
0.13048146211314038,1200.265513445078,-0.41142688862626897,7.771349729697789,462.6702477682993,0
0.12112127585760071,364.014661057967,-0.6406549085024337,8.479803672184334,683.506484379174,0
0.24173790506636922,173.5491790585116,0.16395699344238868,10.117139060131022,514.0702966655529,0
0.18974047649528736,532.9057367347795,-0.010464794310462442,2.9802625621759398,170.57168566267546,0
0.8271933498377575,9.91608545270153,6.147059750656913,70.28217138246258,225.8525563034112,1
0.04727098319220463,266.62234851221734,-0.9825604907643978,10.866763879902424,178.8899416879731,0
0.12699433516438421,269.5787391491114,-0.2345413991506094,8.40764310870512,1224.7619863988111,0
0.32775128703870127,4367.085438414885,-0.8302541227472741,15.633265869422603,75.37153001716098,0
0.8030316448605679,33.862735564309844,3.1554468441014376,114.8863043171297,184.9468149446236,1
0.10553235910087899,562.2549426276676,-0.08288953635802004,6.406305158877675,906.6863823287573,0
0.08366645277206046,124.85258551607102,0.18863570407976524,1.1961647056667206,277.7155883231772,0
0.08231136897158131,1080.6030306956152,0.1752058564044724,13.628170071187649,442.02058149973305,0
0.9187351634589058,17.118614890120533,3.2116242567611564,88.56173166635793,189.55542211673017,1
0.939737345195189,26.317266473312472,1.4101724515179674,95.92947821217788,33.46511944032899,1
0.03368028412602508,293.3454648485796,0.27175385153313936,13.621367665871988,725.3349572705056,0
0.0957742422215862,773.1687386267677,0.9559986056401223,31.174365993489037,933.4375542667206,0
0.33688015185578934,939.8750113066994,-0.22549868444183307,10.434957572346294,531.0229021847248,0
0.2714086749758588,3098.4725503954587,-1.3576932743137915,26.515246136166812,2238.8059796779107,0
0.05393602294474719,127.11070973144034,-1.4764297979108454,7.417955512219617,1032.552390641912,0
0.41245167670460997,306.8929920153843,-1.1690628800144518,14.709156926919633,784.2104426506017,0
0.24896006536562704,1210.9586511179054,-1.3551233997049725,7.226373666249352,974.7553443041955,0
0.8515911514417911,56.804315295666406,1.3974752652443427,105.32119543573283,17.348888718286513,1
0.3620418339686333,500.93765120351947,-0.1407023866843086,4.171003117990274,518.5749482718329,0
0.15412845945996423,275.9620713400895,0.020257799346942336,11.876163709238115,162.6505275949095,0
0.7260977302441584,16.64602508043757,3.68822363395322,74.72150578969953,152.4535768498543,1
0.1911328313344236,308.16791130444005,-1.1445006174317105,13.132276694482607,543.880493117314,0
0.3251461237517792,627.4816048890779,-0.38396502593686194,13.573956938492602,686.9511110498145,0
0.3116994876890282,1169.144072294284,-0.3266037965965932,16.834044362637222,197.21002208983668,0
0.20936276375907314,1196.5781674924497,-1.337764926196481,15.09852536852958,148.95591092277786,0
0.887603172623433,12.301704699340416,6.154291100235457,69.50758364236529,16.467029639738318,1
0.14779913792267438,395.212270961322,-0.3092307239504844,6.912444911593021,551.1608736892674,0
0.1930222870631787,133.07276862723756,-2.076295623491663,13.144784930605617,350.5175643758577,0
0.4099952605313619,734.0569279494428,1.276754814912999,8.019050335981056,154.65226205267768,0
0.43239274099720243,2012.5745517106081,-0.6103616315042307,11.099997618992205,604.8829146372501,0
0.2793491276836996,1008.8779914430811,-0.3677232874755995,12.54450188199406,1037.3493830285086,0
0.025295689626313424,631.5853733812052,-1.2075274117343677,3.151867314475489,359.20976218930394,0
0.8264096992085675,48.22389054332132,4.707725979506229,117.56469497959328,106.39225234143144,1
0.07809865929369149,1444.0814208349357,0.24887107676645703,4.018438240580652,767.764417591531,0
0.12907061932669936,812.5676567043861,0.1016512489213085,18.873789851128272,860.3595566394711,0
0.36801653511359533,467.88455999515924,-0.24103544254798545,20.06389272878831,762.4082051937365,0
0.8678206340004503,13.599364122382287,0.5,115.08526161395372,45.04949980554776,1
0.249907874202308,222.79949458949193,-0.12117547137605256,16.995936876205146,436.53838791293293,0
0.37187219097388186,196.10368169050332,0.8880509358132697,6.474000091519203,2218.0330129097797,0
0.18995973543271855,1211.211912023508,-0.8062605142762874,13.526349069089147,1320.1357822342472,0
0.19977487334894298,231.11635655621848,-0.18933626257802227,4.17440094732998,234.9353957959737,0
0.728877868530629,11.57646361692839,4.572867831058806,166.16110006769838,42.69725536064767,1
0.18446652308198913,642.9825911628618,0.10085809990438051,18.137140731585156,575.8851055197948,0
0.16653023334021094,436.9218722594833,-0.26052956379620706,10.288377113432682,375.8917444533382,0
0.17591499251126388,1089.7538648492173,0.3928185262149098,16.556856697035442,1325.4783174707366,0
0.20563625426419976,507.84200921625484,0.18012944380581153,5.53495913472494,1719.7711742575748,0
0.15692727998579167,1271.8919730102186,-0.9859776834192479,24.325829344464957,1123.3242277278182,0
0.3287803610059408,1122.0643040955754,-0.46268128838457045,26.072548081104358,733.8894678795227,0
0.16974793146644962,547.8660825314572,-0.9869192077450982,15.492836317291756,852.348609355665,0
0.21027956975533948,2158.8665995587194,-0.05133800253679587,20.717088319948942,1436.1048779686298,0
0.20282612124076063,695.6447803827011,1.389345120805054,12.423171082766451,2342.040410290021,0
0.13240846568598424,1214.6330056672102,-1.649221838258731,7.798989518509119,3499.74966285296,0
0.1537716140161828,3759.773803055664,-0.4026481581535347,12.634361883246047,2137.0413199927916,0
0.2974423883607839,212.4676065332809,-0.8003645610918834,13.431639693220797,50.0,0
0.24604669473922694,416.0930195489321,-0.5592588198697488,14.14760907191773,970.6041380516095,0
0.2692421565982433,196.11935212359128,0.25270197080685886,9.559801847995397,2016.3542588883276,0
0.28829551977901996,115.3315869918409,0.6492478011282274,12.899708835444475,1078.1867355799554,0
0.10442195958789664,419.26099544316537,-0.6478025583831176,2.3916977993226802,426.4639870730293,0
0.24429416334010015,2327.6544841232426,0.07803072552008439,5.668830672200432,472.46987496584643,0
0.11780088671977912,565.4117723643434,1.495501161383926,14.556542927018072,976.3371323311517,0
0.8586523465665752,26.318346389490628,4.154866394308373,47.12436468186249,36.55678360253833,1
0.03677677618795295,581.7615748230703,0.20660912772278656,37.626180143090856,413.16818337577155,0
0.37085986126357623,236.17570489928502,-0.16139907459655461,3.7563313777197522,309.88275325580685,0
0.08405659307092792,444.6644607318614,-1.7347550023946687,3.412344730644373,92.75558908929965,0
0.16468965575454936,1427.4028415926714,-0.39954511291701506,10.11164983039522,516.7117537318315,0
0.22455714953226596,440.27640915501155,-0.1503174494263918,7.061932257723033,990.2854949006348,0
0.07675335349260054,2231.2323604205526,-0.9607441131575513,7.290223752743332,990.9591685538884,0
0.17879865409934206,154.5176439841766,-0.3139572498362541,11.147916958086377,1571.911621260377,0
0.3252062847530074,1764.9835678433756,-0.3887265175479852,14.642880134456776,653.7536845798874,0
0.09805972485889637,540.0114141448589,-0.11096878133022564,6.271969995663587,2322.251296499959,0
0.21920384931757222,120.76585355091548,1.5437867311835498,7.741016999891604,134.55239577016408,0
0.10195463377659224,1405.314152115916,-1.0441890268698575,8.908903655144304,1355.8664332862004,0
0.13394580891526114,647.5459572298539,1.2242568721459834,12.670599792518146,507.5051519899062,0
0.02402313772708303,536.4205292348483,-1.6764132024602407,7.600234742937861,1359.2374714341308,0
0.65,21.766248160128853,2.1079003068276765,114.88876591077444,93.56131509498603,1
0.1994521638100538,291.01505991877906,-0.054701815218532915,7.576671734189277,610.5304188973817,0
0.2089647985899797,1231.2057014215397,1.1498116038653579,8.549829223379245,313.8885814651698,0
0.08505664363244277,1525.9789721276866,0.049745250787830674,6.132368485630526,55.975933613739784,0
0.18086986104560357,658.8338111344049,1.528266367208985,31.291485957208298,346.16753496034494,0
0.1099215942076156,1602.8413111218258,-0.30849793050286634,3.9175132612836525,1018.4789862321447,0
0.11720022300398417,1198.4535350773417,-1.7031464755474404,12.256974795147975,532.918603755487,0
0.11157282036884648,2300.4433028725157,0.45828121329014887,8.211092137893903,452.24412468910305,0
0.12327779686493386,1017.5028586292523,2.158623726900857,24.510772476974864,399.49001819214175,0
0.08353568315860936,312.68706691278123,0.10309603250980404,6.27145113661242,68.70226534038143,0
0.28821931656333655,189.65255297833414,-1.0614298993894336,10.286383563678967,317.04451226957445,0
0.693805016620871,16.991731695260974,4.915144374483334,89.52292387977907,6.31893524630365,1
0.24991846749138227,1526.68658901774,-0.580585664298516,10.042635923474565,3069.33429722719,0
0.46260486489481845,479.3861619635107,-0.32399103753117203,6.513932088017075,50.0,0
0.11454454166446204,3825.2018983329017,0.8275952735634243,10.772210774024114,564.2828901351933,0
0.2141790410125879,1391.3177402324397,-0.04185920406504428,13.731289682224215,1851.9501172782325,0
0.21404002622671972,441.2656645474372,-1.8701546165417549,21.21910109082156,532.8476424751185,0
0.13942429611426702,709.6575029808607,-1.4056873698179129,15.570754714404693,2531.6861217046007,0
0.20795425994584996,428.7903179792813,-1.7102121563216897,13.80796632160292,3418.2805122852233,0
0.8888417784919568,21.63515999607974,2.7473547029478684,73.7432819015165,154.63292027377574,1
0.06168375369038355,598.8320770095212,-1.0505529960715239,9.519485917519415,105.76466866621601,0
0.26324195978453147,374.03989873476127,-0.05962763239041407,17.703266110557166,264.24664955381473,0
0.37464551632099896,154.94706339315113,-0.18070859639001138,9.616478830377632,296.664441422689,0
0.19304763286339083,968.9528232524578,-0.7234202716692567,8.062017636337782,549.4374561667968,0
0.8946489402565857,15.149689514827594,2.1535371633385956,145.7061634794284,184.75599641290663,1
0.3337638642825297,340.25479171974234,-0.5944583747973149,5.321553969435277,1030.7879284277813,0
0.9190931788997438,56.26261971654972,3.235765118067272,53.53785864152123,61.90144834438712,1
0.8571689131268119,42.49300513964525,4.26345506188374,49.94715971894005,62.597401564941514,1
0.0550341783379954,743.5112800418921,1.397010385044599,13.267415275680161,50.0,0
0.04108740267547689,961.2560598862595,2.078015043633011,16.177607261213325,4694.120268004342,0
0.46759366406751846,423.20198772056045,1.0841883470160967,6.57344044078309,106.2744250870066,0
0.05927634789565607,804.4083945489182,-1.2197724678764534,30.676163387580402,3216.805797739679,0
0.11828988966227784,1608.0259115707738,1.0093963209415133,7.363077356123558,2027.2665898505286,0
0.42130018389883417,2670.5345741454125,-1.1964396139469966,14.478799743270319,149.2750153127149,0
0.26338082854471884,296.6562249380143,2.1323045542713843,6.137042999688532,554.6054739033093,0
0.2541508214072915,1015.2018988709285,0.4017519100056866,8.515750941545274,81.67542221153711,0
0.0980742982508405,1619.0772683464797,0.662207139220301,22.462541012674095,296.0048151020234,0
0.1925843002142572,1051.8044570696668,-0.6747567399230857,8.459841081206447,1497.7267823076725,0
0.20006603951748808,2481.3997391696303,1.0383480042493285,9.850927484645,391.0543538161707,0
0.3027591655147627,153.21073686776612,0.16259098091505825,3.9054579663857742,1413.5432069755498,0
0.18348780755006655,5000.0,-1.2150896588930336,17.4507470641256,102.32061446292467,0
0.1754417878316388,622.4847304658987,-1.3639464716624543,28.580033577593298,1203.5509193488608,0
0.14795331116640004,433.710148832341,-0.11452238658911257,6.4860555177381745,108.05948931172153,0
0.07607950723801489,721.240245003564,0.6731736721563578,2.773903325673115,60.204567515257594,0
0.0992851942381139,265.93447539306123,0.671499528500248,5.2241004651911425,75.3580503714224,0
0.29506524127634826,725.2918178897501,-0.670730906017404,22.2727318801382,975.380686119545,0
0.16573174301672153,759.6637407634087,1.8623209732487398,11.834790512378419,190.66596589507085,0
0.07276719497331789,630.4246568646771,-0.43028472181494387,12.714533875413773,1461.2085730042907,0
0.286821463526044,2156.96838937621,1.282761852835352,2.9915912108156535,470.16574090165403,0
0.025596532307607268,343.69954465084976,-1.9952316271167245,12.98724499365494,588.8286814141845,0
0.8759027439213227,21.933247304183023,2.873545327680998,119.23934176420391,415.35464704200626,1
0.14022168513511157,1416.5239402772931,-0.29209636302145364,12.431867198905552,1408.770231109119,0
0.14909107534818986,113.48124591322546,-0.30251761381422915,6.8425089566644886,168.48023766352182,0
0.17327904961691815,343.2843696842188,0.553858196350319,7.387628210628635,1463.0494679932567,0
0.04624785186460317,4819.061659682692,-1.442092997309875,12.561771017677405,1264.6857184304467,0
0.31460900327163266,801.0649991259789,-1.1096475940087958,2.605145407015436,2299.165802040524,0
0.31137308228508287,603.6702808333207,-1.8573132637270229,11.18470804891856,833.592688545971,0
0.057945191246047065,558.3350017468005,1.304911017844329,31.35032470629252,801.4514100406484,0
0.23701158378369674,557.0684257439245,2.1541982333569365,29.22876736743232,345.7217039445293,0
0.04516587578656054,771.61892381558,-0.12982798084619354,3.7121705466102464,2547.3633662560583,0
0.10040680150392661,173.0830670552812,-1.1983080750832058,22.57915974054342,271.3131397533604,0
0.7097410430706017,19.572713830279795,1.574546772624899,99.81972251054731,62.460164293019226,1
0.987574019938612,13.50463716164655,2.834966679176003,82.93038622840902,6.735977307941384,1
0.13284079831001178,488.47950214594914,-0.5072320781845587,20.20967590765369,273.0989489000315,0
0.315340190170185,1327.2128305141234,2.185025844578322,20.587410321139124,1120.673244400879,0
0.07142864800728169,355.7093716203512,-0.1266856531587185,11.234159923427004,1434.6407438249541,0
0.25659409026672764,672.1993341822954,-0.35198811250705603,21.054769827573562,1745.1086928144662,0
0.051515771522156514,963.4578083409855,0.789294377944037,9.317286481740677,797.120358268504,0
0.1352468588064355,2177.280368313171,1.5545694519312379,8.149149696653403,265.79108409516715,0
0.718131669946614,72.65277092756999,2.806198961708483,83.99128933586141,110.56198006656682,1
0.16689791901383302,300.5668226741592,1.78348487018686,13.719268036832753,238.20615773784135,0
0.46664561128258947,630.9272188920006,-2.642102458555535,11.461386963848007,575.2971438168639,0
0.8910565798950587,13.242031252092104,5.0714075651993324,40.0,244.86798958193398,1
0.10516839276996276,1057.6956178570301,1.2767971896944754,8.024098900226852,94.55249158900193,0
0.48792387022863404,2640.513290735789,0.6207974391473984,7.373722123870735,50.0,0
0.20814362881845475,425.9755387923763,-0.8485289142699277,14.575096559316437,50.0,0
0.24162511892665775,456.11128795926413,-0.7507982732920492,2.5067469903160173,555.5253538172483,0
0.21699857179518534,1047.2858002972978,0.5516280620903391,20.08556923691173,151.18663821106648,0
0.21382156642365382,205.94218520556817,0.4179591050427642,7.577413028152074,2491.6940642231875,0
0.9111133468053625,40.69151067211212,2.707888318443188,165.2408484581568,162.0714409056181,1
0.1234719903505297,1328.1086668595094,-0.1693276967684734,8.177709449379854,338.74319515126496,0
0.15954895722838708,94.88413932742674,0.07577482801885757,10.174823207219418,68.65713433082584,0
0.21900617016303062,301.99392928211296,0.620017214093578,1.9301324933878006,2691.7073114467594,0
0.41334614884396115,225.45793141274882,2.249312698270855,7.158603578320383,1451.4545442648523,0
0.8707169956018832,14.805994173735067,1.3415421071482847,93.12536038766947,173.84384561050985,1
0.1678902033753326,1114.0835673043546,-1.8446572220162265,10.206776956351685,552.3184422144047,0
0.18060619321845398,263.56582754272745,-2.4313485579106118,22.45940711084248,413.24504596138166,0
0.2801661636952149,541.0549807121147,0.5701526999497136,15.933412281652185,177.93242607117682,0
0.8838572415352358,12.720934539954245,3.669142846924885,113.90256090748471,250.11878965464317,1
0.1424085953107347,926.020070094725,0.35211206671516615,3.7178159766056464,362.6400256706533,0
0.14723233501318841,1483.7499246768164,0.5149440970719076,12.544558712533325,517.0894845788998,0
0.8412942204145273,26.49980573203889,2.563603226960283,93.21836442601672,24.737626334792548,1
0.13725424899347285,1323.5484274144083,1.2330602748227724,5.995766188783983,2003.937756086948,0
0.13967381178231766,624.4183991816147,1.2572789011344085,6.339522945583572,2585.4019318188007,0
0.03725169096156335,1757.6748016097308,1.0889630273849873,16.59784032631853,50.0,0
0.1851526133211112,137.89412758435716,0.4500134504595026,9.759432900701228,2556.40501024942,0
0.65,11.141294737348003,4.2314868738117655,88.46779447239261,76.53980589555545,1
0.24264485164533536,261.17745205116125,1.7753792941033137,27.640428029336206,641.9058965952313,0
0.034310894398818154,363.5507836222666,0.48422590775289504,19.8300110091199,276.2440401155335,0
0.25225067887748026,801.0802715170604,0.6899096516358328,6.286188658439251,4098.520214893448,0
0.65,27.44114436122675,4.264350564265769,109.23808092038088,143.1901843740415,1
0.7868331131921995,12.629573344718391,4.99337618053975,151.60224921022555,10.597053535382013,1
0.16624878373027313,1172.6807101708796,-0.6271178843317118,20.48871929100992,240.71782285914682,0
0.0701638608549697,150.76422507191054,0.8315580224838186,11.265332229038322,1665.602199201118,0
0.23611383479939443,1685.0074269079773,-0.09863504393536142,11.380678055299057,50.0,0
0.24315372946604674,180.09448887361418,-0.3268539965989834,10.47724616863442,92.21459577224186,0
0.10317612348117057,765.8770353436479,-0.30978756379860756,15.452375305424539,2506.4313795606836,0
0.16980989928031207,999.4784319565817,-0.6410953827408479,15.31677264508468,842.9951918494775,0
0.1802916866764934,644.5270240471898,-1.0331305834580906,9.557313816832211,2467.059142830578,0
0.7997565891730514,51.02873399914377,3.039324531348963,134.81853216858406,121.55647906754596,1
0.2187140965974186,324.9317861780301,-0.559391659643186,11.925887321533395,56.90772131409717,0
0.40978203380181466,1803.949187939773,-0.9033299917558719,5.287355511827762,1381.4742957835888,0
0.23442384673808617,1740.4561156048953,0.9944279697365547,20.229447230236218,405.50024460808487,0
0.35910029802534266,1026.5447911026147,0.5242282857304499,15.84114495756648,338.8454858404932,0
0.65,45.59710019367088,4.232829341869273,88.7648200396029,122.62942876291129,1
0.36289972779818014,1740.6115975983648,-1.1565188004995823,4.7718654894215415,1223.580554190556,0
0.12292264085438266,4386.293212680918,-1.4832212088961831,15.9462742505182,981.4118341940998,0
0.6982427990800966,41.44915856157208,4.984255828176563,100.23033846313305,141.36654218914293,1
0.1818113414637988,362.3654706740506,-0.881115583200441,9.748387984887708,2469.9530584296112,0
0.6927522321259558,31.53069922661321,5.046540215381073,53.270842850356466,19.780716953193714,1
0.6,501.71867699980817,0.918846488414499,3.2281544506800417,920.6309307096104,0
0.42110051701038115,1009.3085226847415,-0.5752161076508515,11.661286730857086,68.70334079528438,0
0.6555108112963275,40.687650570991686,2.1495246014985816,70.44750654049373,18.60619827158886,1
0.12982045818801158,205.29472636226382,1.092741316456627,7.159106867976888,4055.878647836203,0
0.16131879405971658,680.039508257358,0.9112508009838458,29.146223124428392,300.0909668672986,0
0.8926456894275595,12.242605117113316,4.6419878788698385,97.47790044695785,254.14830179864774,1
0.06503467969013552,668.0695774882203,-1.179897364762752,6.163301435649516,195.4567882848453,0
0.04324480243644174,297.37878014793995,1.2835986301081355,19.808096297046927,345.91845038140764,0
0.20344971333794276,1277.7212848792144,-0.5555671964265207,2.4347607655223698,445.85200911259676,0
0.18347397774733312,568.2637212513755,-0.5646464662118963,21.32006389642768,530.5242137629047,0
0.11870198849966489,242.58703718842867,0.3961435843407805,5.524597920309241,1239.2822390614324,0
0.14609353133408395,605.318720444724,-0.2777973059182766,11.018928019998082,573.7851665441052,0
0.08371105588997728,634.384185462312,1.7298738945766226,2.191171289128316,805.0759974582547,0
0.280561256845657,175.78858829130718,0.14253370229146237,8.119661081709951,591.1349913030838,0
0.36790590945607854,1864.7915293873848,1.7687872586986573,15.779208861544468,834.6072519278289,0
0.2750420824280409,115.87623178695611,-2.2721838004358514,10.82679621104781,456.39849311094014,0
0.32125891379165133,381.8355351190724,-0.8046114563319774,4.372826793429923,317.38188283370346,0
0.23316922895636233,1431.9755698951592,-0.8753063804397219,7.559135732850992,812.3282692545711,0
0.41782457769498565,406.13689722890916,-0.8156314336465517,16.037443837659126,548.7972133369979,0
0.07662795872805073,169.76650554968617,-0.581649344032232,8.865223082354834,3273.3392479785916,0
0.2723296219481896,311.7495308965398,1.250470040231071,11.926270825846974,1140.8948284571775,0
0.0641430097719374,1042.2258601941226,-1.058890193115289,10.964596056869462,702.7904571106551,0
0.24872338850992556,428.6613929125878,-0.8040275211280911,7.0374556933749,50.0,0
0.7441329712777626,7.345193003512699,6.29876796164706,40.6364458012302,102.77898273377838,1
0.22304563796637572,1303.2050632656799,0.1599112393175145,30.184780710040947,2948.1296275405143,0
0.9316805400499771,20.41123687281003,2.597356726766625,112.80568660775637,16.52717113900178,1
0.14470001271385566,1299.0711979407392,0.4601670206954785,6.886274306254927,957.0493874442054,0
0.3611964893585559,2051.701204660793,-1.0938125066902094,8.615847650227117,2440.1886468315474,0
0.17087336091455124,1574.690970770076,-0.9629138874658232,9.49811416771437,50.0,0
0.9231147826378775,28.503284023459575,2.4145388862729438,133.27873534144663,182.37768404586834,1
0.2294454596875537,283.71338023754436,1.0569317812487937,6.005828166502104,706.0324003583403,0
0.18916310127233787,498.69431565031346,0.910707513325164,12.3470039790068,159.15139189214543,0
0.09724282123862939,718.3874157732727,-1.0411871713037413,5.176055436089992,382.36998491464516,0
0.13279659094263346,393.7889495931709,1.8743463698801421,6.732683539432665,470.0212666936366,0
0.13043082360048355,1123.5636908158833,-0.5774786862287933,16.484352803342674,576.8705837404947,0
0.09337366246480548,190.4929752747592,1.0855232687864715,17.023037496995443,1331.4615901879936,0
0.40458255867058707,589.1369689509058,-1.6348336996275665,9.519341541450013,832.9902902762502,0
0.1984714803262285,149.85179341125666,-1.4814849671925294,5.137107003059686,1139.7542121401978,0
0.299533760744873,1740.6642184683412,0.7503155893169294,20.919905008877762,117.6867420473097,0
0.45706548141094056,251.63015695144972,0.45441330591856066,3.0974846783701606,277.2622964346767,0
0.1846146891995503,634.2719562011566,-0.3634750039613235,10.60716690297919,1847.436091700308,0
0.3148559963336437,838.4792315058294,1.7246011064932987,6.118280103942312,1620.9335280351052,0
0.09907790449486735,592.9841337101507,-0.34829911914855655,2.996153204254999,723.988380002142,0
0.28254850731648784,50.0,-0.9233463924596346,17.3351007668878,851.6103501763223,0
0.65,20.586375630481253,2.813823612116871,97.6158839125724,19.49409055589512,1
0.6906928662478192,13.919372271195442,3.047242294567069,170.9396623398519,16.615040003118114,1
0.028176366197176325,220.16620982325185,0.3588515363809683,8.06816058362341,896.1091558214747,0
0.290938172751128,677.172331888095,0.2998523441740787,18.71714084094421,1331.8928261236067,0
0.3506264798341031,148.18584850068,-0.21561149494939602,19.36884401407793,360.21087776681287,0
0.24185758785987585,243.94343289970678,1.9736608941828575,12.984477516582718,596.4079181682018,0
0.8491227887272146,45.366995478677595,2.30860156663328,132.71413490627637,40.87308869597729,1
0.23702677976701356,295.16858582320486,0.7143653167740243,10.55672597015858,3831.175150937102,0
0.2692120485978693,958.4753911544072,-1.0344118036913794,7.36745339901838,73.19858484140109,0
0.24607629330612416,277.0604223675608,0.9652226289731026,7.0686876187845735,437.10593494159633,0
0.6987046491606771,20.97652916735251,4.096167883028688,61.59043134483059,96.71578200931458,1
0.17856415485703775,2518.1829957811788,-1.2644453442892645,6.316210403190073,601.1317477883769,0
0.19687563784865306,1875.0201661197143,-0.719760664950654,5.4771637615771365,530.4365638648636,0
0.02530505750704638,247.0925652275615,-2.104405702266703,9.508888669526437,50.0,0
0.241955473761716,1258.7720878914163,-1.8007430734248644,18.46830948111985,305.1247555049623,0
0.17506123077075258,848.2152344358158,-0.6837676421522828,9.294269067625365,381.78908882127223,0
0.1136117968086053,999.6567742732187,4.151241397039601,12.270965838852934,923.9205614224162,0
0.1279375750248723,1133.760092393691,0.6328447644242048,4.925205786223265,406.82447689025656,0
0.1496211552144421,919.0790249537624,1.0460323325513625,6.156138825641863,103.65218373393276,0
0.045357147819968475,1524.9363507238522,0.15919013688671996,3.961728740996703,3847.9656462974917,0
0.8279944852531717,12.809684339898045,3.3062784097976214,102.06376161018892,33.4222193409626,1
0.8432310098220833,22.398922720173477,3.0412064440709097,62.88565227283533,47.363259692950145,1
0.9271041418584423,32.46449651091643,2.8811670355896166,40.0,38.15082877418944,1
0.22012125794209148,291.0052969692202,-0.35947968951563886,4.411273087199512,900.1712625218142,0
0.09475662063426474,522.7572064630942,1.8798500249452958,1.927278461452683,1142.3729631420301,0
0.20505061420655793,783.0523632297736,2.087714036295154,25.43535423612804,178.76491318598607,0
0.2804049337445296,562.643371301388,-0.8375320744394902,18.22138286543953,50.0,0
0.1419942797713087,291.86750290482127,0.27027956723539276,7.028745286000504,1419.185700042468,0
0.11718180592472559,2130.650725793884,0.9146523840739345,5.100450543872511,169.7102333597021,0
0.11486472727798812,979.2719201907105,0.5370425333606856,12.588935740075224,866.7672595887404,0
0.65,34.87599283020152,4.137459187809197,86.70457534454388,5.0,1
0.08085788741508827,516.0121481786258,-0.12104764266231073,6.864185709833375,1524.4860987562736,0
0.29987131427201447,809.9270856190212,0.5452731654872153,13.094885137653918,931.9875515635565,0
0.30591876713378957,1060.6929001437286,0.008874771416961356,18.531076653239108,50.0,0
0.1163027658680335,585.7104257407356,-1.2091045736219388,19.750050629483038,1424.486161182103,0
0.20019172067931276,560.6135521706947,1.06231238527213,17.876083792538214,835.8034532003014,0
0.7874128437415076,13.347161025127342,5.391492877963868,100.36563166375613,199.25559675553922,1
0.22795100347732336,1739.967697143832,-0.3015216008772933,11.54685856434875,83.44292263143419,0
0.2299164341103984,214.3636074336942,0.21677479669281008,3.301476940796446,329.0924449767084,0
0.31408185015177625,763.6587506154092,0.14474704716741205,10.971946015674485,673.7276784980254,0
0.7400404920805254,5.603841168935416,4.3521949739189,68.60698378890349,16.75676329385901,1
0.06447902256643011,569.0669373878598,-0.5455581905748454,39.44060791256538,375.38866832341944,0
0.05871297016687864,576.0037692811571,-0.4148138213660293,7.39689216377867,993.9978853473107,0
0.13854176716137273,2058.5450022998443,-0.17500936437161274,32.756326102678315,69.24578805180123,0
0.09612320333100076,339.02409252234065,-0.677361835706193,24.723921767376808,2209.0187968135865,0
0.770550155965787,22.682316869237013,5.336976831914752,42.86203555896064,166.96610147395282,1
0.8270669087973888,29.44068754199083,5.859071149957244,133.6141415560597,74.23009735879488,1
0.22576520129979616,1241.9556476862167,1.8560598813167035,18.357398789790533,4576.420927002138,0
0.49845701072231974,120.0812755532422,1.094452751305546,8.121684526995143,1744.349075428599,0
0.2788462807296211,264.31423902912513,0.9578092554985818,20.477802036946848,1944.1253675139137,0
0.22576554163988957,2144.4174242578497,-1.7253464742590232,28.556565881885067,271.65228448466183,0
0.7921949950388407,12.715251524172446,1.7237551675511595,108.54898192889812,122.09929763025517,1
0.6823350553129869,14.79160848065791,5.483117708948531,99.0381422754966,151.36917707205407,1
0.65,12.692170179794358,4.156685115606128,127.88299453973157,77.60264084567011,1
0.22225870657335092,441.5415490770992,0.5211757518138552,7.2957490163861936,497.6594672038368,0
0.1819352724912822,5000.0,-0.13174352571197195,10.08364284035267,820.6560777439614,0
0.65,48.280195409848204,1.878527381732589,60.00848147940328,5.0,1
0.7162439970377817,23.11445273017293,3.4708628721941595,165.49000104836,36.493481544037486,1
0.1125112445860934,890.3481156393956,-1.6325190420024265,11.941860517615236,1694.024894478706,0
0.7351881032361979,10.180906169819288,2.681905956157248,40.16572132209128,33.73202170981142,1
0.1963667341865873,5000.0,-1.0776281570995785,12.08913171180096,988.4383323999062,0
0.65,15.445792203529123,4.745131773705999,98.39697083806848,18.063889908762853,1
0.14095440615371393,263.1482404550209,-0.7006388678465361,13.942330245672963,1046.7270402819856,0
0.2118414911064497,779.5270065237884,0.7482453428286557,39.5636371395358,1578.6882984417102,0
0.10121828211120243,188.53078580070564,0.9653412923140626,8.611841504077836,475.3513426643644,0
0.04458802790754089,529.0960742514122,0.3066005097858225,11.583299416465579,721.2030246080448,0
0.29788402497104133,858.149846251171,-1.1237320656309138,13.221289686489701,852.1136692101128,0
0.26141366391833,807.1638761645283,-1.1375095200784877,13.423987670469742,204.3043371139082,0
0.27446992000610887,223.36391143513106,1.8399380899918536,16.753258065418734,103.36213689535542,0
0.9250663083433851,16.24691964737585,4.150002981284156,121.78433853146106,18.806357744758113,1
0.9157651852639948,25.515904826483336,2.7447798861508765,82.01645510720924,118.72485593532603,1
0.130368838416874,3335.3239532090734,0.6697540967119173,6.736577324423854,440.78290396420846,0
0.12881420639621405,322.7941311772113,-0.942669352146079,9.548256713535272,3094.6326313309705,0
0.8600848068644702,28.996458750353607,3.3896330923589737,115.15107458533627,152.73873162931858,1
0.11674876809117704,1661.759253521559,0.06228620849061246,5.847379719301342,208.74369316189072,0
0.65,28.121458370413322,4.346053774423803,40.90281081729749,103.53839606667499,1
0.20217515289991367,485.2440137295662,0.2802327814731966,2.674782802028429,267.6740906600667,0
0.12743247024284496,489.34866196529083,0.0025153164590909433,9.351668334223417,891.80736590959,0
0.37327122667372775,718.1266950080203,-0.9086834411103524,8.736097061424005,778.6350931654472,0
0.7749116201525821,23.72219480694453,2.3911001960338165,90.73301605018536,39.37573887966546,1
0.1442472869717697,1879.2761831980624,0.8458283238165741,12.074527140652066,1761.4064173205,0
0.4909142738276876,1851.4981710582201,1.7653561564936229,5.80519308036957,937.7597203313956,0
0.13364638027552456,551.613728357513,2.167514476562161,10.337074037587566,678.9782278068292,0
0.21432626917447525,170.11991484279253,1.2210192603799375,9.979757458040439,50.0,0
0.7012572639701312,29.899878643252386,5.468073486043154,114.56601707918108,25.195015049851907,1
0.0918147528761717,1462.2230456341802,-0.32484319537186124,3.435666929543049,1537.6164894901194,0
0.9859337571739671,9.601769820477276,5.265220269366437,130.83289238400832,36.486779739111626,1
0.027213757550098246,798.7503737025901,0.2954668413574063,9.174437765990401,899.2744244518299,0
0.19920035272973524,570.4510741513058,0.5616087507496011,11.113075352640113,1234.6927190819158,0
0.1600452082295269,494.8900707119689,-0.41183950824813503,9.991183731098115,65.96689474277903,0
0.18271973881483156,583.5546337110511,0.26679184579466836,29.5919049538698,50.0,0
0.23301719096584128,147.95366616588166,0.06253341283377067,22.94916269911851,1084.1126662893944,0
0.1755881171169231,607.4221607107118,1.316348201204661,4.967130921215697,50.0,0
0.050098186902112055,636.90953808967,-1.1136371556510056,2.520021257866032,2241.191088604325,0
0.33177317601408607,1170.5045856847257,-0.33760375067647724,15.094614397750933,761.707685273716,0
0.26790548861701874,1057.0899935729822,1.4484020726356133,9.81460113750271,1514.3676275461683,0
0.7134009007401834,29.6508599763658,3.4730575658033818,92.70858444473328,5.0,1
0.25101262431447924,749.5438495354304,0.44304117425590805,29.451755209060302,527.3876307481918,0
0.15784222961541533,789.2847910312003,0.3503410344514679,9.583981485898079,1149.5467323401538,0
0.7709245028310479,34.43191879728129,5.021508207608024,152.9863907743737,57.17654927954154,1
0.8528657592709361,40.91334694601732,3.8247898806226726,95.28282781130349,10.018839700110457,1
0.11063795769385258,1111.873511923689,0.5664655247862109,15.521909972399328,1892.701605479564,0
0.4016139980958822,424.2583135985741,-0.4620675457186336,4.790066003011859,2067.3168147086144,0
0.08494580164874875,430.4013970209344,-3.025724901882585,7.423838328643997,2944.079316429697,0
0.13518073957569046,438.46445612950413,0.6686099494824584,7.555112831463406,50.0,0
0.48239904833046693,434.1064218940753,0.4589807688666407,16.46007660032526,1429.1821130961894,0
0.26557086928909557,443.7515203008665,-0.7840644374778307,4.343007870593791,928.2234331711292,0
0.07092602658218755,400.88888084904863,1.216615458798611,20.109529071451412,469.1119154127526,0
0.2838482186160987,524.8347894194729,-0.8144914878614082,5.473206347002572,797.9293959537741,0
0.114568721285573,447.5240435097729,1.0879937669717712,17.493070994967304,385.3374435480294,0
0.7292695032903833,23.225570507849618,5.525917801328806,128.31051823278565,53.586006861374166,1
0.39420444387790804,498.5835143148736,1.9361028003025138,3.209991632632753,1949.8596647454356,0
0.1796355215791054,545.7318009637262,0.7587962314981597,13.355653612521287,1761.2281840785772,0
0.16930681754877697,118.72099291863056,-0.18083611873961508,3.768647622455121,328.3115311931823,0
0.11778983919317748,2246.7668980124677,-0.8095945829555786,11.805585989502166,1111.0345903967147,0
0.9388968973308566,14.332282683614908,2.835902566827636,72.77094556062431,220.55358847083716,1
0.8936610511278648,49.29834346377285,3.6601233894016327,82.25534837768717,19.937318854906916,1
0.040004163438341296,1099.3489968349631,-0.4297323349474719,18.49805827363504,1798.0686027743295,0
0.09610737020498644,782.7539341228884,0.32685174780732407,9.929908733239948,137.0904504039131,0
0.40222334767296486,1288.0681734003244,-1.132123428929522,6.31729212329513,3352.731775267714,0
0.8417209431783269,31.133733244832705,5.202956441065161,63.94120090034597,25.407910911518353,1
0.41431705315609935,977.248230699531,-0.4979050826348992,8.98571773253682,2189.7517985636655,0
0.9187481022241019,55.07103529184182,1.889683313807,65.88227084014974,5.0,1
0.65,28.225221306098337,3.5756902620899456,185.7803691096036,111.11227011363684,1
0.2430360215034564,260.02904574554634,1.982597035486309,9.964665881779755,50.0,0
0.8353998942227395,19.192731241483624,3.0789536247616076,69.47665134573623,13.083724182890517,1
0.9394394502333292,17.413400524870937,3.4411406992071965,149.57571112153258,17.27862999647955,1
0.07777006077073273,3320.418802137067,0.9563902663419689,8.80690483026276,1679.3015470990194,0
0.24634801305430815,276.53792400671466,-0.9808580570370188,9.546976987019063,3631.2532372095793,0
0.8392827968920307,19.294229334178436,4.171563495565357,81.23453661303164,214.9094947693031,1
0.2608483083698766,726.2959044828201,1.3096837866666937,13.767883986880577,1059.7889880429736,0
0.23350543662281525,1453.2913861867648,-0.9593747292418892,7.002302055938572,271.77454482363356,0
0.582825897413354,3808.9187496562695,0.73025696161685,7.254465114534953,3288.153708479876,0
0.16141970430743355,127.20775990488146,2.1412722154540154,1.8744374618825959,771.6110564508318,0
0.0676593821203791,102.76897107684387,0.2631227265805943,9.460930710800634,1055.2368061651619,0
0.7862403829870122,30.428750111764305,4.254862962012711,185.38563367507277,50.725391033224355,1
0.03904126306182531,1854.0877553072714,0.9321743772408836,2.7189486620823033,1626.7784570448748,0
0.22576781485018926,382.95445802451866,0.07604711755470782,12.061413377777853,398.4226836056809,0
0.17679509550538325,1606.370414301209,-0.9886867300638188,10.097429683187585,498.03543193512985,0
0.35958751182470344,712.0862324625231,0.8374768129058131,7.755956158674502,135.45126449583702,0
0.30156469995610374,225.8860157143544,-0.3909415304822949,11.691989783976055,1690.6314688026166,0
0.7496762619616696,14.259551626572735,4.781041100129415,101.18652712034742,100.29319953748417,1
0.3083899684926052,713.0907442119973,-0.237484242464837,10.302300584404987,835.128053554049,0
0.85701794338688,26.522945716051915,3.2551735350771014,64.56557861883991,21.52859093101211,1
0.08503328789316071,3342.5472513463324,0.48778464575221486,4.299838670738445,1443.1177900890941,0
0.35723762609585885,432.8239677309494,0.03544172970632749,23.752251410683378,2260.927512762075,0
0.8387342911145986,21.936468022094022,3.6136377764595156,48.58463573106605,56.618172491070666,1
0.42558937440789657,2803.3037966828774,-0.0916815950465335,5.367235110084865,2046.6667860516566,0
0.0843896848691222,375.1105791438816,0.6709932954470896,18.803594836680862,3047.5081538458003,0
0.43136979909786766,325.3649922448469,0.5076127650330521,16.835080491590098,1422.1839322779167,0
0.09487135711766344,235.75504839871496,-1.4026966286297105,9.052804501073119,1515.070787001044,0
0.09972136595842389,464.75173225382537,1.5172651820570402,5.251863404268351,2612.769389540281,0
0.8740923274919248,66.51215777030085,2.579718423831866,140.0150613639374,140.56471110933145,1
0.1569814979982301,344.730464168088,0.24328546530539388,17.47810732436899,1694.5072035202998,0
0.16738554945286827,256.0803266994376,1.5347209432796696,5.648811816350936,406.102709522188,0
0.10208480984053178,658.388484850708,1.6822632487266809,38.11527834264732,563.9123726021049,0
0.14455891564261608,639.5447411206121,0.29456284382781067,9.307405703827133,1591.4502164528603,0
0.3162992121795826,318.5809232577384,-1.9666195248888751,6.326504792206112,575.7768866796454,0
0.8994693853606355,45.82505609460787,2.959058873980398,66.58038423639815,156.03439911505814,1
0.15499626084939028,160.43100119963609,-0.9787143694195778,11.335129208164668,2296.7492906149564,0
0.7292473012179768,16.74386644206464,3.129933956534514,40.0,104.20819355231001,1
0.3559963391748867,1643.7742308254662,-0.2805723880543605,12.984237877155905,940.4722693188428,0
0.2574237803215516,536.7417388485663,-0.23731807106656005,6.175409285210533,1606.3168940447404,0
0.11554268835145942,689.8307356812664,0.11554617241010676,6.653039869605655,183.68195480941523,0
0.19537144069452664,261.21464608027645,0.2653361653551545,7.556760019219228,594.4109238842633,0
0.13201395583503867,178.94022576892235,0.05480985982330186,5.632922010269521,1739.35252235014,0
0.65,13.470967619971576,1.6737617905836153,88.23137774419133,5.017510670511244,1
0.10654956582342769,5000.0,0.4626498962456343,5.093661970270728,2111.8490513443794,0
0.05361206511213115,704.3650951586086,-0.17510372139564934,18.25033222254998,3189.626812380622,0
0.08330030716161377,156.84749199172876,0.5809053655297716,4.35568001319147,582.3179090585744,0
0.25835711309827775,621.6401034195673,-0.5729714655393743,4.820670166898685,1271.1894001498035,0
0.46314084216117407,634.7965816956623,-0.3371462378872101,6.877293082456372,2693.570722200026,0
0.8056544215995384,29.164422915856157,3.2476395262556674,76.83643788809603,8.80577977613016,1
0.1030845603894684,523.8685843321587,-0.8013927592391555,18.846973394254615,1545.179416798886,0
0.24094726163131547,362.1022083007277,-0.62306906995688,24.803054397014108,4969.517151854639,0
0.1783903924231755,1003.8782423116144,0.8928973269834208,10.875192925093078,308.0954449299163,0
0.5143723773527158,348.77522406280394,1.126995501931263,4.06692112929342,834.1002123218108,0
0.11457597783500774,170.78727266597556,0.8146285136163173,8.470446969397978,334.1270128968645,0
0.1411845714831175,754.0106784472543,-0.6582893906261043,12.974221033467886,641.7953832721983,0
0.8086195050856217,42.94338731274326,2.0927482941633504,59.328952306958286,165.5287663441501,1
0.1962042214066812,944.8999541910258,1.9252130777592544,16.4676993944288,80.56138624274985,0
0.2145406060217388,785.1895772604834,0.05293407405354185,23.232056340404043,1707.2903314340156,0
0.9023407887062608,24.430175574427864,3.2176676762678813,126.25251324992684,238.53162103965886,1
0.7635086743542283,21.183429390430668,3.3332146085925887,100.74479128230782,13.021860204945094,1
0.2525624782182587,1438.4265747912982,-0.15688263451923834,7.431234389161334,1640.4235857507144,0
0.11473129941078872,357.8102775225234,-0.7550295375448344,9.273627804539096,994.5321031606703,0
0.8708476106137346,16.192876586751225,5.172611603207557,143.85256859403523,36.69079088207827,1
0.025054166533722024,354.00591544875795,0.6976880390140838,15.150817392691366,882.9415318088162,0
0.20733677960643648,664.4071477055954,0.3406161246754489,23.679152936584543,1939.6932004379298,0
0.08458354888894909,718.0091023353566,0.5058970600029105,21.084485584794386,50.0,0
0.16552802363041927,1128.4697214818195,-0.07864426837237082,15.471599654459002,50.0,0
0.11769299651548852,1003.4708946398856,0.5678891541116129,7.792716661965949,763.0736581985138,0
0.8096950418098352,12.912686637818629,2.4821794591589112,68.08450248107147,132.2764263067475,1
0.19237533149411745,349.9633732053869,0.5011912229081226,12.986307685581156,82.68851589827179,0
0.2736753601098101,897.3577230049341,-0.10238148004878078,8.327198237893091,1064.778652210517,0
0.6,110.64700777614976,-0.0026471312461035243,10.727548572888384,522.0583953586364,0
0.13287765724636655,287.2463295553511,-1.00567841714885,8.42384190717263,945.6919662937441,0
0.2081830900647241,248.75768708419864,0.8986823824811988,7.490220972957776,104.731058181165,0
0.9018765033434708,23.35320987287284,4.447392206689308,89.0158242287163,136.35207377320347,1
0.17227556210050016,790.0398502451782,-1.180790032820006,11.148124193610645,1177.7752574304216,0
0.8855546582487696,33.30687974147981,5.349371812833808,53.473279729297204,5.0,1
0.8787021726455697,43.097541698706415,4.059862538584819,103.0008343423887,27.942758174981225,1
0.29342520077229806,3006.5644665116597,-0.4615909991459365,3.3651165141959916,50.0,0
0.18684955816677704,654.1967293504758,-1.7865279583848457,27.953180545770884,215.68769280401284,0
0.27437820413084335,285.4688525421882,1.3094263019455128,13.807454867717901,874.4113558037092,0
0.07027312611820803,1037.887010361706,-0.6255117417362148,9.045318178460445,3857.3199119627475,0
0.231254865676431,289.6228318354577,-1.7807521953719612,13.701633966088338,2665.7333745401984,0
0.2587103033663625,708.1504374461583,1.2874622638484718,9.298204602956996,641.874208221133,0
0.10113662976684491,345.6630254741071,-0.7415980065263982,12.33375158197887,644.9035896325224,0
0.29763508006490824,774.0532554636527,-0.8244660488127444,14.687170989801317,854.0499074823317,0
0.2688683250431014,880.4827261279867,0.06421307196130824,11.662000938413664,5592.2793074975825,0
0.04758322169027929,512.3199005149735,-0.44703095762712625,12.8006388867611,148.06488532946432,0
0.10645957464335414,826.2794532832351,-0.4189765033168905,22.949796826763777,161.25708444641938,0
0.1396831440519164,2511.839025297404,-1.5326744568471145,9.4359259791941,67.04015807291788,0
0.017546598413318293,3683.966836305937,-1.1223403707525563,6.291447337224949,1659.7525461184507,0
0.03691479472190176,490.07530770925484,-0.683265908190524,19.23360347760385,982.7644522155483,0
0.4657013374970723,594.2086443532066,-0.45095126002343294,6.707214071356632,2243.815143654329,0
0.65,26.680718271693877,3.733151724103427,90.35085803947999,14.351826695843565,1
0.24853762800370088,3255.0535659718294,0.13061439757930482,1.8814178031007815,50.0,0
0.808021583143412,30.340071874874937,4.2250524166782135,69.2052911394492,307.5070670984873,1
0.9176277311055181,23.357838212234174,3.3588824699476305,113.55102921548104,600.0,1
0.2594275105730764,934.9855270793927,-0.7561096421277498,12.660632150326757,426.44914018668885,0
0.28644654563796634,81.66919352142756,-0.6101250410080655,10.204887897575784,55.53998942466738,0
0.13788221068671744,718.3103740746006,-1.1817815776524143,11.215045323158977,264.81425273132885,0
0.08626888613011131,827.9078199522484,-0.48616419417270906,4.405091008105267,1944.9018959759537,0
0.1316593207406651,194.17483291792658,-0.6082675747124983,5.972383438624153,272.1812136219629,0
0.18947698220172496,1160.3093586484135,-0.04398072977095047,9.015899453250366,730.6737948012508,0
0.2880290210682062,229.6711939498608,0.4621756227502112,6.415341677040247,752.0933182789354,0
0.7737246772059082,16.803448919313702,3.544494494746875,92.16805987893069,5.181237964091992,1
0.7321558205947165,12.15355512479457,4.152608235000615,61.44099398690642,430.4817388305314,1
0.1462283459950289,513.422866772358,1.0223249952164812,7.9127422089542225,2263.736771817536,0
0.65,43.23826488440741,4.588494347055323,68.32116981571805,53.4245483912955,1
0.6682158002657433,10.205888668250722,4.1024337532868875,87.37950477202688,17.353191659920288,1
0.35709887147349406,312.92908088270934,-1.4281566437839497,11.87675936794274,74.73915319636265,0
0.26521444097048286,519.3341541890323,-1.0101576737113087,7.2319184080867425,1354.6648343267698,0
0.04876881114081759,380.6332615650436,-0.07303518979449276,12.681485357016115,50.0,0
0.1072881289806258,1307.5416119116649,-2.1966355504990354,4.149522102186433,495.1792993385784,0
0.12936199875070417,324.4319755631785,-0.321560566631213,8.076656283239586,1061.3038265640123,0
0.18284146752492195,2815.163054563414,-1.1537837405205311,14.430065957012221,457.48349066272067,0
0.05910893598661784,697.415050881588,1.2015196772347811,17.62127559883936,944.7202042065468,0
0.1748401000490421,1989.623482867079,0.9365937988554389,1.3366116231798308,50.0,0
0.0901871684678891,1155.3945674928782,0.13371680774651215,6.177983903890714,2042.4727400138167,0
0.3166121272905615,1024.6483643736292,-0.15330371533817977,6.41801811959384,1919.7950970277045,0
0.4596102346771964,890.0101479841493,-0.18550639818972076,10.44460339191651,3639.094826006867,0
0.09598639804123983,2071.3678468005264,0.45857168818096145,10.041202639793699,459.66832290224005,0
0.41296807120539447,1172.6657811802968,-0.7914462587281675,10.69719283887753,744.2520356346729,0
0.06435949955468565,1007.609074751159,0.7947170323066438,5.023899465166215,50.0,0
0.26967913763585527,1107.3465447218462,0.605810801137119,20.522571500939044,50.0,0
0.4860679436277642,1073.0203496304205,1.413474017195351,7.9360787834149455,3149.8834893352305,0
0.041583561042938005,1853.8730772983638,0.42663781779506577,11.110350594737803,1041.2006478634737,0
0.2817196880794777,1675.363912802787,-0.7068483750492992,2.727106074966267,798.6586661788415,0
0.07778933298714583,110.50196841335394,0.06076509764441081,19.59338350790928,1256.2442745693213,0
0.2612570906509022,148.02363635431607,-0.29643600674803083,19.684107297546532,1275.994631051388,0
0.2237230580908711,1300.5613843354322,-1.7213625463476863,13.622405071393858,1448.036324829752,0
0.14771035481155237,628.8465313466116,-0.5039951083635509,24.88632521986358,1517.8870659609315,0
0.12112338787159552,1957.7207121927381,0.4917481922016692,12.903458354191912,537.6686365845325,0
0.05224771045445513,1175.6402091818463,-2.9209953146969334,10.457728617599846,661.9601596399275,0
0.08445359180818528,1924.109065388498,0.7895562541969123,16.10182267702524,2028.9629219630663,0
0.10856135559503235,1187.470104141584,1.29719309069374,6.802637249732059,1732.3014501690982,0
0.10066528797654993,434.09631509755894,-0.06672313898283302,1.719479278289945,50.0,0
0.332445022954981,2560.3683608159527,-0.35640234025119183,9.346452145411345,1887.409742584336,0
0.13787685502575,367.7438797740609,1.9993772653701014,10.5078446979031,1207.9860195898527,0
0.13490831208202064,429.36699931773865,-1.3488363204168115,10.019781589015194,698.3516656197731,0
0.06612882416377583,155.4509700419791,-0.4108469300992142,6.873245945361269,322.1978598196888,0
0.3654283668241402,138.05599983794625,-0.6036781736616855,3.8447938060020843,1398.1888123990918,0
0.12840771081735075,50.0,0.7640476398247473,13.438338599581297,893.4918562317021,0
0.22296472415074234,318.6228510628744,-1.3759351506606998,12.59823229940321,172.1883084897436,0
0.1742861549818335,496.6219993979189,1.4212377659215332,23.308443538550353,58.55361461346264,0
0.8085810537289456,14.147994735342952,2.999023203472682,53.034521007655016,60.770756584764804,1
0.1327130862470537,738.0215566249592,-1.4289381669461676,26.253266114691883,464.358312801683,0
0.25915524519359606,690.2736139872204,-0.7659459400266918,6.764208364096441,554.8716459820248,0
0.65,48.569323968937944,3.4360657462761885,115.63520093235296,335.6367362616829,1
0.842923788424004,22.159575254474795,1.6884021719264568,89.15740392174756,145.34344938549415,1
0.08224840068751818,1141.1338461664575,1.162336567811155,21.97397721013835,222.03519637498889,0
0.44350339312943804,1479.4755705815512,1.095413792614956,18.594938819748798,849.9136628579441,0
0.9411167376191847,19.812689459498962,3.899687248520628,71.80751476626708,600.0,1
0.1612409751583916,789.8854311756733,-0.7136258768458952,13.240785164874708,1234.3691932780273,0
0.16561544277128673,544.1412933362229,1.7967795237914266,20.128639833819495,2350.246808232815,0
0.8646075744295204,29.434649681919957,3.4400908953809477,106.12647839204605,47.2054031396638,1
0.3910414670954769,668.9905739491824,0.5390222426450403,1.1595403767262458,449.17079366764534,0
0.8120591301918727,33.3993893725987,4.76561331253699,64.90826938715173,345.15021950842527,1
0.3911955682880224,1256.2401913951921,0.3055310087564156,7.891571971491737,145.24804402284195,0
0.4224960288906827,158.59816121688064,0.27453483711105,8.913553112289799,980.3009325249321,0
0.2042525870494839,761.3923499926867,-1.441233333364019,14.786833545154625,3170.6872037345543,0
0.14478787604400445,401.46503351371973,0.5277479919994043,16.11255316876005,1376.871797754727,0
0.22825216300118448,2100.2128301700095,-0.23348367787266236,21.3763346058568,1555.257908487618,0
0.3667647561676061,337.72313543864936,-1.0295889030070344,7.146464627017256,949.8248475832487,0
0.8761830725928758,16.786991625503344,2.9542040525548097,108.98307301217022,73.60652610189196,1
0.65,16.864101369978542,3.1847289676929216,118.15690658694132,325.53785886635285,1
0.029518437279599245,892.8953340217412,-1.1444038120498916,13.485304161417204,529.8440629766795,0
0.3329432639523152,365.4077410822579,-0.23207807535837705,7.572201726008847,1768.6988479715237,0
0.13602644156547103,293.8287554586196,-0.3477218951762459,23.3367735278563,1172.203439593515,0
0.2928877575903165,257.81493607330253,-0.1524752493415862,14.676810330166411,780.8446411875719,0
0.9247658432159536,84.33385605860607,4.902493765047822,109.27569569054558,130.7490960232179,1
0.23112517946767147,400.231404718489,-0.4559074201746574,14.340597626009597,878.1204761459735,0
0.8289294028322981,14.440314555674677,4.1621408987448945,40.1389747946603,32.138246680684325,1
0.34795635695056804,561.0045139008861,-0.45123692825054373,8.532132881716862,2259.0760263025086,0
0.1210067740236459,927.2209976309811,1.9034676086255564,12.953485752574299,3406.324169638867,0
0.4031614974880417,2817.941004508544,0.9731258730512434,4.3316525945750985,950.3542118539732,0
0.01,1035.6995840443653,-1.1974725976303797,24.742799595480825,1072.52085970244,0
0.11700401410557401,504.19761664439505,0.008549993368803353,5.751960625809417,584.9281427691367,0
0.17092132457041517,219.04836697699193,-0.6372689125085526,6.916641375697006,3110.313537928016,0
0.15104439261401756,5000.0,1.407498373948328,20.09870664067865,1787.649033364544,0
0.023344061438188447,1104.8929413440057,0.45024501703754843,13.324522014796411,2215.6585630489376,0
0.0901080619155865,2657.9894642062595,1.2540192353327866,7.480555497462707,480.746070712495,0
0.06932021991100926,836.6992576932989,-0.48679071675837665,7.925188032451765,769.9986413445862,0
0.24860292527243202,726.0357822447638,-0.5036932742584369,6.306446645616816,1307.602610180437,0
0.8337038635640034,7.212285142976397,2.54330496322375,155.5179967935149,5.869922963760765,1
0.07506685584599944,396.3339481489564,-0.30742829091656576,21.510456573846703,273.64423391076264,0
0.21695105106067272,768.6964676605314,1.0827458252894175,22.641660105853447,1487.04461906994,0
0.19468887606789834,245.55569482866355,0.4349846021317938,16.491680445009163,2218.069021915123,0
0.2093842535477763,513.3153533699902,-0.9652505187315361,8.11169874964935,61.69256104784313,0
0.2024756219656897,313.50022920118545,0.16602105089663668,18.215120440612374,177.00793547128094,0
0.45840415202849033,148.53006268179536,-1.2435805925398629,31.54631821628069,741.9071093021242,0
0.04154142891516215,778.8255671990719,1.4626423427763993,12.593158086575379,898.1588419361084,0
0.65,43.03373216808733,3.3952420291162917,144.40909323067427,108.5256076186317,1
0.13983586090380237,922.7934228501285,0.3922803295791006,8.13279562437215,228.1017974566335,0
0.0541393105214234,237.48093569799042,-0.5411736135208487,17.46590666285502,572.9780390797779,0
0.10547324791737346,540.0398715215431,-1.3139247002374128,8.167333538954587,593.8948907305007,0
0.7860569476488757,9.038462251597721,3.609426432762021,125.55544968617033,134.72819764859648,1
0.7313170777525053,89.65540819339468,3.751132181045052,98.90577689646673,49.599537789409816,1
0.2095323657530102,51.6128489604741,-1.41453231794403,9.881472241616816,531.4135321466696,0
0.2556388207354383,655.8873228735582,0.18272908554430772,18.23329321708401,2254.8931531577196,0
0.07213700391712947,916.274067304311,-0.21149974609685293,8.1538164040138,531.6262651597743,0
0.2864858757940053,211.24101503003882,-1.783115686893549,6.5646173627205835,522.5086442871902,0
0.6660937789064968,7.514115519426491,3.3488620481300626,86.03563373178869,43.92359375571927,1
0.05152789129448699,1145.764472345369,1.6475516089415674,7.603374977359945,1838.7583437706858,0
0.43857235838908754,2335.9131783886546,-0.2971175736980916,8.747444335049629,1209.5892437287253,0
0.8905466869078248,24.774697284048397,3.5699696449578635,76.97891118754204,460.3605324874795,1
0.16102390886070683,1150.49826859797,-0.5874509652091197,6.80604472734099,369.6404455548227,0
0.09077022310088259,368.6536029581968,0.46540282731158683,6.945812751637072,50.0,0
0.0909889174111655,1223.9933714127635,0.4942201192784956,11.365048444193508,2008.3546063199778,0
0.24962759282921387,1117.0382401617096,0.49900089729694386,7.338648531079603,781.3448002965644,0
0.5072814622373204,457.9846719898712,0.43176100785028515,11.956672802108573,1343.2737643108665,0
0.22588461465675833,1190.0319086577867,-0.8698703225607956,7.830660670539104,318.34815765793047,0
0.14448846010224273,75.29973004201008,-0.30072563218375337,11.69074657522839,759.6217708198653,0
0.1562149940849949,814.0452289290007,-1.0100106611740751,8.259452729846284,660.6639718605395,0
0.8009933826181691,6.857285164542523,1.983723130841789,84.71947490779272,171.25408506527162,1
0.2587411733254607,545.1323104132656,-0.06311569132977517,14.291281678604586,50.0,0
0.1974723319494613,1342.0648741047062,-0.3601748644509248,23.509630407921666,1037.8909055942731,0
0.1349677547331631,668.56671580337,-0.3026902319503614,5.181053458123719,2290.8084834164265,0
0.12654010184525877,1024.4467500463043,0.5034080558164551,4.736151739589348,459.1312343423049,0
0.9003921623220181,46.02734986120007,1.4158984069879745,81.87303864969368,516.8048048726109,1
0.9319945425708182,24.069537121035136,3.7870857443212427,162.69976275648827,47.08675465954092,1
0.19310654830621676,2435.7532009762945,-0.5244542128290394,27.918292687357237,1101.8862810232517,0
0.25162127569424425,1166.5923183114016,-0.4351480812529309,7.300337512352102,542.8389352533655,0
0.06701772614308195,631.1116347652718,-1.7580706600036133,6.564418587457451,1768.7699807725148,0
0.07592383167352122,730.7932155790438,2.829219162208502,3.6674153551295188,228.665828589199,0
0.65,28.439851499609645,3.0718120718361352,151.73104832792964,223.74720442598607,1
0.2979633015404479,477.98289148973663,0.5875065902392275,10.005444636918984,50.0,0
0.12057020804910158,222.58062764720043,-0.8473481143478149,2.2230558849116764,3193.883319875979,0
0.24430482653535718,477.51443062873113,-0.4121066726936051,33.7558245505912,4059.996750344984,0
0.1717879684676256,358.29742214263706,-0.27403226282571846,10.177383584852384,257.6848138938981,0
0.8751546403441985,25.074156838742976,2.583021731694418,40.0,88.33508831320347,1
0.13023154220026992,1896.1565962692657,1.2147844765495195,7.153920712305305,1121.3437953059142,0
0.1315554406762453,1508.2839430018373,-2.337901501147973,7.457305499716928,282.83251215147146,0
0.1714840160533184,466.81256138174984,0.6421282961845167,7.95556263437401,1074.5940847715224,0
0.02757749461179412,914.0046440657854,-2.2022254490736652,13.35156910537269,1457.4638892693179,0
0.17196022608362183,666.6665932451225,0.17697776408547883,23.120293603814662,128.96108817567622,0
0.11552609872480017,615.3156771962923,1.0664335878643247,3.7107025932302133,2215.74179412954,0
0.65,26.54173647007043,4.357985319594648,68.11124174388621,64.61055690074363,1
0.17874351258558965,695.194322658416,0.6815059858191213,14.494062650787793,5358.19238052626,0
0.3021215122078321,202.11927245581717,-0.39852929957569416,7.166526013857089,797.5179054611555,0
0.6520572986223229,19.31172397114215,2.928361092197754,116.76201222356161,88.43847428716474,1
0.21404314255610782,428.64230581323955,0.7242693387177451,26.939082735184858,531.5796452101135,0
0.20432814346441316,546.8651584415654,-0.25629360906922505,14.467869934644032,1382.6928103622176,0
0.14783396405003305,481.90175386140305,1.2852236169217952,14.328694219297994,191.97259013940175,0
0.06319411057424783,2362.983162871913,-0.7179602806153267,11.603878996003797,162.49606242417835,0
0.8232774633754001,20.01841919330809,6.036431265442405,105.50290728709447,97.33097452777838,1
0.216286798210213,327.44202840254593,-0.5689125979479266,6.440355904818498,124.83584714661353,0
0.17954518930502872,454.2488956070158,-0.5370369333339351,18.0551154774102,5851.233553752852,0
0.10732763145876568,605.4211992580393,-1.0884878236267916,8.460925045181712,301.5419300486174,0
0.17438942829003423,147.4276104970433,-0.09060628266117694,7.023030274892324,3854.988223572032,0
0.1372909374148531,357.93379078006643,0.09826706011048876,6.63772287499526,870.0306419558095,0
0.11438940225572874,1780.1383780559388,-0.0902899753499751,16.07907681890034,2635.0025151070995,0
0.14540209020933287,368.0123111427724,0.586463472363802,6.930602584527223,1143.2265433932262,0
0.65,26.412627936321616,4.831082960048933,94.21277129747611,114.48779465921362,1
0.07732066236764572,2418.736749671748,0.08428085127349749,13.289660036161557,128.37984169253173,0
0.18615092244123166,559.8441897611862,-0.8877335503999231,22.070041194493527,50.0,0
0.09739870409861831,261.22667174749023,0.2904238912960317,8.341168234278832,661.0843370246928,0
0.9701359777765686,41.3790094288193,2.1831287829258073,55.71870947342667,74.46651761011549,1
0.16286854965669265,489.3988324956006,0.21036937998711588,4.664584856587142,339.3449799242581,0
0.4954861341791323,1086.746863225261,-1.3752815465686778,29.0889335561446,3662.25353829927,0
0.4935862904591014,800.9489996393793,-0.49978534124360413,14.061993606836355,526.2957546915845,0
0.1114088946148416,234.79718973261868,0.6632163897042829,11.521050252139613,1489.5691487297286,0
0.24149254354197733,378.05321041557124,1.036943410250951,21.87323622996704,50.0,0
0.06540982224658473,2473.8827048259554,0.09366084764485418,10.30508633704715,1084.1546861310146,0
0.10711911358603511,245.32034131746425,-0.5103651550570457,11.054279965985957,1214.6173572656608,0
0.22484270274380966,605.6720519193204,0.09738927517017688,6.001141843778176,1792.324831883595,0
0.14210235227408793,2307.4296187345226,0.4181120962930776,19.29591238586072,220.9226015922204,0
0.23870465819393719,1340.9371575298126,0.4317241861341032,6.601613121627975,4026.631137352941,0
0.1215655847725042,966.846586139639,1.1241244849541139,8.83287574829365,435.5087532460384,0
0.263513785991547,1015.9023533195348,1.16285630331634,7.46791481337169,832.852344951522,0
0.40677661435574586,268.38777527724676,-2.2833443446245267,11.256744419991385,139.31971167936442,0
0.3395825797850368,230.56148516602516,1.0896648122369366,22.594538926682155,717.5355955419421,0
0.30527006649850924,516.7075426527311,1.0036624887377918,22.571766936693543,1467.2097655705982,0
0.27594373185935306,1269.2304896624319,-0.31752499386655414,4.358782682639499,810.8130618899017,0
0.23268054089263365,1015.0586528771472,0.14639216906455813,6.449791354268414,1082.35233094394,0
0.7725602656918863,27.26017759406746,3.4662228423900605,102.6354334256354,36.84825297282029,1
0.3038884561931331,905.4635698557622,0.9756765139022048,11.442652814089133,221.30688082858654,0
0.2777265969396584,768.7372713045393,-1.751083332544723,11.318188875109058,451.03545757679547,0
0.31367959754642105,572.397426039909,1.0862369048328389,21.658947116063846,344.8286702202322,0
0.2039790170537277,1071.4078790649276,-0.7576102828882827,14.491983087235669,2373.6430150671263,0
0.9394988616829394,51.209106970720605,3.795439643214554,69.61683803406436,64.25156839806336,1
0.08092873129116379,532.39834039731,-0.24101324378546057,11.434195332128327,5071.169423704543,0
0.06383828677821848,184.9442490607423,-0.233888192103964,17.256882061233092,1526.7614460235907,0
0.06736073939821673,2661.9612197304377,-1.4877899303083517,5.541522430223819,703.3554274119182,0
0.1774385752912601,526.5815397267858,0.18601712243475307,15.263932045473975,2310.6886818583603,0
0.12309339786806119,1187.021665582639,-1.1072175004924012,15.16772567890148,246.3932967452738,0
0.2789920211073238,772.2245036664192,0.671767216587465,12.84414764793163,318.8488651927809,0
0.4177188919081253,252.95716428761114,-2.3310196961881937,14.657787962030106,254.61905261371425,0
0.3124613350092355,776.7143380941901,-2.1241586675188358,23.689602138160375,417.351294151113,0
0.7859753614198254,39.40496522338119,3.5283025206601004,68.40543256861541,33.34647864834508,1
0.1670913780697564,450.4965278687552,-2.1568948868074505,8.664794204198788,523.9535030959842,0
0.23285485029579697,575.8759632380475,1.0741235102341058,9.483563397046208,3238.3658786069586,0
0.1252282566384015,591.6529447068013,2.3202303751428555,31.980971834873476,327.9280032911346,0
0.242714281801511,3003.722875542911,0.05808640659177093,10.785665216770536,2234.749637007316,0
0.65,27.51530671844144,4.209245142699819,74.95172163646795,154.75737032136502,1
0.26591533886111357,1172.412936861863,0.1362192992058518,11.35291788392201,50.0,0
0.20868815465854523,991.7347224951337,0.2870535149727362,12.64772768656145,238.80123235366875,0
0.22757110179488774,149.79406955615175,-0.4409327625428967,31.262184312498825,2223.992193163438,0
0.08894375961922898,1311.32516241507,0.2019572698625939,7.596694613627929,1993.2229231260167,0
0.24343482484183224,275.28074234772066,0.864408852668744,8.570257433485823,4889.5514068869925,0
0.7137138740007309,38.59945086554361,3.4288879132164785,157.55231901737432,351.4113724080851,1
0.1308441259322149,225.77974874535613,1.1741993456441506,17.4189864781739,1387.5731763040965,0
0.9621018257154165,20.614113891213968,3.2295007196991707,100.40321706755529,67.13297919528938,1
0.19890787918647782,2065.2754709608676,0.22575734308475232,6.424234184984654,3633.1874346747536,0
0.5221968850928551,1022.7297259095902,1.2207464423288639,13.531395012809677,664.9363184946563,0
0.19901470523344453,162.26641402344148,0.1558250696402078,14.720189892774155,914.7268743686751,0
0.9053688974068652,15.464565218247506,3.449752015873794,131.51982688814132,8.608708974720438,1
0.6994167409935574,47.10182793490727,3.125764952402906,84.70595545152412,84.02665489848755,1
0.3240336353781741,355.53115543058783,1.2492295337201191,10.647536652908467,339.77384248438597,0
0.06440257379288217,172.08672857718224,-0.6317946729270923,4.150335997970089,997.9305018506312,0
0.20226140257398245,1335.1007201599941,-0.1662099135810711,14.785046507483134,50.0,0
0.08482759854916161,695.6240115662195,0.3730630953751281,35.71875074552908,546.6512514916939,0
0.11213408772234638,2726.267275396405,1.432543276993829,7.631460738579492,744.9188878856135,0
0.2771642207035743,504.3339742135679,-0.9549284525570413,8.553081745494751,1413.084517345544,0
0.05495833110114001,167.8967946729965,-0.8196131598597145,12.547880286091637,570.832399909736,0
0.20034052899648797,162.90505100835583,-2.5680291473060657,13.08855052230674,751.2443616079787,0
0.15336916743817178,637.4347243581377,-0.5476235858870058,15.529370884800276,990.2924891124554,0
0.269057773400945,235.4996961462737,0.7770465964868817,12.464035953262504,1863.8877203271575,0
0.7293148941100084,20.04465165910366,3.34012380222829,78.92266827201217,142.05069944265398,1
0.06448088997112533,452.05779854362873,-0.4128497482022511,8.90251360374482,311.10796658434526,0
0.65,10.602663066196302,4.152747529763733,127.71915015854563,48.717088811079456,1
0.27523499972374865,503.8736057145636,0.47403433057432,7.6948527906799535,1128.2223729004904,0
0.20240653300047812,1170.415814130239,-1.7413570684381454,6.860416441696587,2000.1857589492768,0
0.17669692926644928,2563.5956255687925,1.8405159122425798,10.860227464649578,2494.8254715402218,0
0.24931658249913563,249.59824223308536,1.5921196479887945,22.120772336497783,1523.9174487655791,0
0.2166683783904812,358.4284413108082,-0.19794763193501935,17.331553661785307,145.112740846675,0
0.291874081823244,127.27994309683098,0.04529496432508237,10.297098292711755,418.99126811115383,0
0.16046593222854075,1461.8267399809783,-1.0813064563962387,11.153973028494557,1695.4191219565578,0
0.1818463857962863,892.62145046098,-1.3444970242571812,6.110975415850039,464.36412376689185,0
0.05616204105695532,1359.9721797738187,-0.3287026251359748,5.539121556512126,300.76670810892386,0
0.13165430300589864,718.1700413629363,0.3037318308394069,6.908090944530571,685.069309579704,0
0.2557297621445905,1611.2955439928216,-0.7663011202192842,17.753148647024332,2010.443953730418,0
0.058532948761693834,585.3806584015977,-0.46889947188421555,3.9037535579479616,595.5358924653033,0
0.25926068426340704,1178.4573278247485,2.603367776807639,5.244894217147823,1781.6674635959407,0
0.2423454753612078,208.81861053637067,-0.27787570715626536,8.412232935320445,2368.4537907589784,0
0.17754460704514147,736.9240986270876,-0.9709392230763997,14.34104191690069,4727.739194723751,0
0.10527207245950794,726.9043610979105,-1.2031603058607487,3.0860616581368445,834.712043886208,0
0.21654610773544375,173.03329240686236,-0.08558980661080533,5.270281834651878,50.9030189377946,0
0.11840274049073246,291.8182225545802,0.05320543244889753,6.079586608004865,1793.4669976106593,0
0.6913327722870526,31.27404483297078,4.47708608045588,113.81605367048343,91.69777418612212,1
0.2268674227202609,894.4029186460176,0.9976691135980253,4.771194100674973,324.41057407808,0
0.21555131367438413,132.08004085433063,0.07568587036596909,13.238921258175347,1346.2358275139325,0
0.04126684926928478,585.923999539121,-0.31548848191869727,12.93590901522948,1005.2737718899972,0
0.16220007820669594,570.7460244805003,-0.1006137626651282,15.318801170264926,57.049199537782876,0
0.9465969456939857,18.48433417357582,4.550100261750412,90.77205192058256,38.77656327806221,1
0.45778883921641017,709.7163247059585,0.1599315767258961,6.862063006305829,1653.5935997301076,0
0.05141405813082155,1368.3543125611616,0.2921192604461498,13.504984190839664,410.8978630185834,0
0.08367744460397998,205.367384615391,0.009336717876468193,10.869189581393735,842.1190194354367,0
0.5179176059105172,1640.9975044477233,0.8471614930695031,11.768951332994556,1776.014514729008,0
0.14065462448628138,866.096455806676,-0.5124002186018363,7.2086865750164195,2209.566672916864,0
0.049347850216674996,1193.9045167147324,-1.4052714472253607,10.763678329641714,406.74544125521794,0
0.10269553801938826,333.5735045761031,0.2255996505581735,14.174028733566931,1091.1098732944208,0
0.12746218925589803,1607.1630096912147,-1.1285841516171509,31.544828286616323,55.9681628648678,0
0.7801488177567193,35.17089843111286,3.74442682520284,111.18377318479008,5.0,1
0.24531687743494376,615.4707818853731,-0.09691856962926526,6.290933081286168,1039.6466807232946,0
0.0827082405765918,440.79827081142685,1.769422906014603,14.072378642067388,1258.705911819825,0
0.2321781775386277,2758.418704708874,-0.5644887234739576,15.220293766517024,75.68763298894677,0
0.9239971267852214,20.715339161782573,3.259191571849552,111.4878491393262,8.620534704239017,1
0.23895172638327847,190.01597527745815,0.7628662007735552,13.271000618289676,372.2129099534067,0
0.6978828130688013,29.022666988697615,1.8029626287380314,94.2127374014546,138.1481463728257,1
0.2536131832355048,279.1578946171376,-0.9879004536698087,12.143189731121524,1570.5576398296773,0
0.151844608801421,288.1358137607538,0.07252805263596762,5.887783056552096,960.1059254325629,0
0.37976097460522945,607.2275262157345,0.7986392610486397,7.719029350679444,221.99974288891033,0
0.07422344740782771,147.6584762247314,-1.8214169633678243,9.137290351446712,178.98738277814422,0
0.257799816191769,1041.314019441401,0.19409162950317882,21.62604609577108,3158.991142628299,0
0.06266750061753201,183.19540790751478,-0.22490893184860827,3.1462890913156194,223.03543620367216,0
0.23619703608082426,1810.156468745901,-0.5915461187491414,14.566947037135158,238.97426953725608,0
0.9026260025557458,20.321477333190213,2.9413564348092853,127.29824716804973,131.17518354347484,1
0.2568503382846803,722.4292488809687,0.08423370572605937,21.394714623729875,1429.7811881293812,0
0.9047648054908649,21.225693874899225,2.1592171952286012,78.46103989335687,126.01240054549538,1
0.9202725980402632,105.78425127585605,2.875975295220987,132.68523472199786,322.260203457969,1
0.25986662032552726,3660.2409049242815,-0.8724359774890017,6.840574457827195,1121.0432807404425,0
0.22006483535433885,391.95151116007753,0.6370821002889959,10.275193695389964,50.0,0
0.13283803474356295,426.31533157999525,0.221618947849312,6.6710513432573,189.81410647027977,0
0.08762123129784578,944.5646775738087,0.5005419293798373,12.655485746486828,1519.9237362875065,0
0.0852710542660201,1013.8327893787146,0.3206019563548599,14.240151797240774,1423.7555382668681,0
0.09847019538409692,459.19062845488276,1.7746853415874553,28.21879592975163,2921.3087478711004,0
0.8938427125821564,11.844853929007288,1.498285820393805,48.64776094958856,68.22512516310796,1
0.33672858512786896,440.9578150000999,-0.8062710667021233,17.49236767670942,2757.292227116069,0
0.01564039102915251,1937.4109326884782,1.7152571026625716,29.60107411326851,50.0,0
0.21002863738671876,802.7882333836214,-0.9849435158485111,17.86016909414724,2427.047994309527,0
0.12837752964110413,1850.404856919903,-1.1903661362376,14.743163538895605,929.0328744558187,0
0.2090297949061482,2033.1393952487983,0.0065861560995518365,13.365834849279626,466.1114531993107,0
0.41967486187398545,438.0406061939405,-0.3563730565664191,13.927587283030741,943.5501701904775,0
0.14875110291526727,332.09300352557545,-0.9782314121229713,3.624445730711619,2637.229335481451,0
0.13575632354149403,3006.2403469383794,1.5860829917212003,11.02969605792302,723.694968046043,0
0.22342584277048239,1094.435625186181,-0.13511079633047862,13.039185607215815,2914.098661241973,0
0.6,224.76401987109628,-1.2599467010526437,24.029119605741204,1836.7487159179952,0
0.1855814311434647,906.4051101012096,-0.6526779865872612,7.358853104862886,1642.392321126478,0
0.24793614257425078,1724.4800011404677,0.6301534194283186,19.736805843782452,465.05116471077775,0
0.17955935123303474,2214.0111097823883,-1.3755051534136362,9.108209210857597,966.475850262313,0
0.23706134396517192,296.11213479508416,0.1416287738119035,11.650887423121539,967.4131852650473,0
0.0606006427071318,640.3317633274404,1.512483446664403,14.424690037604893,1139.8848505146502,0
0.3919429837550095,1024.3234386721685,1.4515873718459888,14.855284803319243,1766.1479484422646,0
0.1147167574550148,362.9076098757429,-0.6336879841386601,16.23231160766251,202.5649649609158,0
0.11813379126648295,420.07213213748497,-0.9041253065597437,11.918842936373895,2495.2596886286883,0
0.1640936112026777,1044.011484183586,0.23362635124431366,9.161927506140085,320.1346908894297,0
0.3585385086480304,914.3409941902696,-0.8996799100976025,22.605858487393583,331.21848295623795,0
0.2763463072585042,961.8367930859888,0.13903503989368673,6.553457454507461,3817.066501180513,0
0.12242987665843764,412.56699024501484,0.027881041500013633,16.56819878431019,1033.2528276145426,0
0.4299927304162828,875.9597767704674,1.43161465227459,5.479444932955439,1457.9140346108095,0
0.06950314701364123,223.7099303162748,0.039286821570550176,15.487534409403132,223.9780008440778,0
0.6916264149011023,35.61297868981383,2.404185015457726,121.70187019938811,237.71256818366237,1
0.8096921303151627,39.17685087300645,1.559867895362888,101.47671502996843,102.41818422305153,1
0.07722009801875372,566.983647582256,-0.1644958640729202,10.791188750405077,325.8319329603447,0
0.11380109549325522,958.2441010722633,0.11722933166872415,11.501564132316142,2458.2087885138185,0
0.9114216440776369,27.44726445354629,2.7264167331774964,111.9259562676387,25.820273351990465,1
0.2888757077618787,146.7663781636436,0.3918377499304902,8.594849505208817,50.0,0
0.881099316430222,53.70528984415801,3.3489705309835665,200.0,176.90572392677396,1
0.7248639791128425,39.37771939357645,3.9689423483310216,156.05464206323018,25.397986872675528,1
0.16769206448396,213.021466115657,1.7556739302323163,5.518441258987843,4997.358444861086,0
0.3617387409552552,269.2361304171933,0.4860450682678211,4.698058913145141,871.6872281825767,0
0.7791341853416467,13.093450964111328,4.099168012328922,97.25543550908091,44.422507149021214,1
0.4265762374701761,553.8046553181335,-1.6580517168351965,14.068558242033497,1848.284433914007,0
0.7227756132804398,30.650356854426708,3.836567286613526,130.23092922923797,212.02253802456738,1
0.65,19.101123778606187,4.2446850393594255,54.71863523904078,52.55710604114866,1
0.09297166830364981,1161.0685888901708,-0.41756097311103335,5.128338760405806,1016.125707598469,0
0.7991755074206551,41.11635058478642,2.44376206199118,108.77067229574001,147.83971911535662,1
0.11931369504016325,1427.0703626379845,-0.2362786354831887,13.152462034207407,382.65015051378737,0
0.65,64.11687972366059,2.700647630780369,124.7300320963873,247.1776981342797,1
0.6,716.3586606090798,1.6228412473641953,6.447083600829125,2413.5757036436758,0
0.8689227014569408,59.54935403641666,3.3245053032591727,64.52320337157215,82.72430233460425,1
0.761929089461383,18.0133821821555,4.075386551868854,125.04027942006229,242.66139852866334,1
0.11915550357820083,305.9988751204294,0.33497609022887453,10.802424172238464,745.8846250635139,0
0.2892417372336403,266.4075762451645,0.06880362569506428,15.719478462760486,2185.2769303122705,0
0.14207259920430595,649.7383560475705,-0.8474971957101705,5.371648434042215,300.76503964253965,0
0.8194059027636293,30.923222039924116,0.8045049540221432,166.964942283283,118.323075886164,1
0.11429433278022987,1052.560625498124,-0.16468002244534266,8.496038829683595,1168.1972508464582,0
0.07354463172373463,663.444082519925,0.8421161461652679,12.213222841750644,1364.40111918094,0
0.308960204917026,1672.156884924748,0.07379681384742741,8.809332377590358,3014.4154086632234,0
0.8355545893212099,19.350296903197385,0.6870108990898983,80.19556056335345,31.407300575372922,1
0.11995344294557962,1027.7686328331167,-1.1854716336476838,28.105748639611846,807.1197354013605,0
0.65,30.284147234544402,4.197497618492154,138.06115720059324,21.74718708459203,1
0.1788113288916322,1113.0600504974907,-1.0941030428499863,11.992127003716158,1499.6337674942104,0
0.21747244073530347,587.7833849308141,0.3206147271850177,24.01299389186436,3875.0441363533687,0
0.32839214188088606,776.897957378471,-0.13527005656625035,9.976026082698677,1889.1909075237315,0
0.6,1638.5860787055526,0.704993786006137,9.915459221525529,198.5760445003915,0
0.3963177261923645,476.38743613815006,-1.9373851149029537,22.675630459860443,360.54156246018056,0
0.25421671008322433,354.9523928328935,1.8978942323926116,9.898599666658072,725.7786909375492,0
0.2833030096953172,2537.02441980157,0.11307236183648332,11.513653304245297,1274.7530603701794,0
0.3338126749609827,1822.2408983587409,0.23203707568070275,1.2901710310480712,1137.8076065300029,0
0.2625775034474396,477.72612879667173,0.790011098611832,9.70439006309168,438.0445852791904,0
0.14268679461884634,1362.4685625877837,0.5276065148892575,24.92816359351987,62.953410340197536,0
0.05217772882669546,435.795647499481,0.7896476747891843,9.069495144357361,906.8284671509318,0
0.1500979397325343,1191.7925560132187,0.8541173345352181,10.231735466180385,96.18494889382063,0
0.7142506110472995,25.16691871625701,3.1479773755526104,179.3005940305427,64.06953091316385,1
0.20155294870834153,783.1578671237734,1.059161731741859,7.944769792557371,1349.2106818628922,0
0.1712614245640883,2243.7594413866173,-1.7164735140606524,9.879219268852964,1882.3417042268986,0
0.06624390231525289,456.282434845678,0.03931301230275213,12.344476101211821,1948.4465627139452,0
0.3009105881218501,578.1922569596628,-0.8922229553220049,11.98044598724257,1467.225101890343,0
0.1866140242147018,1386.39976414414,0.4077890059579054,7.6107135276006135,771.9571750863744,0
0.14922136885062404,226.6401510496572,1.2526905970400914,4.627587735426245,903.9148144746149,0
0.09888548656873554,1012.4473848237042,1.423818846944411,5.217293489953747,1259.0382305202447,0
0.2611338235640872,3401.498429434106,-1.144872725633846,16.356860398234083,2223.053496495559,0
0.3426239039539188,129.12321400803975,-0.6380944676740209,6.436258692747746,881.8985841795593,0
0.7882611457818487,108.2600383097964,4.769584016875408,64.5210295773856,143.8102881361095,1
0.4378885341785709,525.853348171051,-0.138175872408474,20.502705263059383,6496.23321079603,0
0.06754840772919254,2225.88307535605,0.24811955917829656,13.0089650272932,603.1259912123553,0
0.13039721097574394,3597.478028354433,-0.20371778060295764,8.791412148602262,192.33657602895556,0
0.6935918696885957,11.34907579889982,2.66574876000402,97.1161183494693,5.0,1
0.2355516047610562,500.50954326802605,-0.6151135089253357,10.535553995055063,1414.0542590898754,0
0.23488485962089364,924.7321185730011,1.113208100588848,14.148831809369042,338.3944841350143,0
0.06842697322248814,841.0546982114556,1.5927137337827775,8.933527181827337,2599.5416625667553,0
0.11817498955974952,481.1920699695341,0.03013102925163394,13.132114972172866,841.0941015276929,0
0.10167216312272004,1111.045908726873,0.99376710505628,22.506334523551267,627.0322337036467,0
0.3384572186147908,135.2061634260075,-0.4585507594259069,18.805277355517365,1241.771672293991,0
0.49461576254911094,659.6756485126051,0.3779655755235219,9.940815482774319,81.72281848383169,0
0.10661961261701752,184.64007498512714,2.0360182121711525,2.3185800720126672,1918.9290724380799,0
0.12650542039315943,552.2348675314661,0.682767512307893,19.957126151643024,948.3869979549956,0
0.7153444638571924,65.40167660060982,4.424952731770175,52.4128296970828,289.26277212928716,1
0.21265385060190026,1599.983921836168,0.7673525546550849,10.583946258615821,795.7260751604235,0
0.08454080558982856,955.0699647511171,1.383114541069239,4.294386166855318,521.5493994257366,0
0.8370252545419431,27.01941439842879,3.9787571152514487,100.3967795634187,92.59422759213403,1
0.10814411316472684,1425.907749081674,-0.30333275327249254,11.559263157195307,746.6686817035114,0
0.8676611622045419,59.85826929351252,5.2218531327312485,130.43036320635122,150.35848792704448,1
0.19509909335335016,558.8507013459122,0.07119561873949704,11.987137956538618,1451.9243777756678,0
0.36992223924380996,573.1095894639411,-1.2394845881030299,18.291244185085795,436.11302660294854,0
0.2903842384680754,180.95235322479704,-1.6194237434347885,11.085795278259939,180.71478197544084,0
0.13421510586543772,1429.2460290858876,-0.8113173295740029,26.187324284153412,1478.4227985811083,0
0.13814547960744503,285.3075379187583,1.0920570251263066,17.427511803587755,494.7190847106184,0
0.07318377481289319,1430.01614862064,-0.00367845406224581,14.997809515164601,321.2110873970185,0
0.0968505754289603,986.9571130989377,-0.267070538383089,22.452427342760117,473.8920118894811,0
0.11772698058235567,388.5362438218709,0.5092553637989424,27.063364885551003,335.228279493794,0
0.10588038760562163,448.2404594744717,-0.5458835838028594,15.713844141826055,2156.805827619176,0
0.10092746221161869,1114.0750669283295,-0.9041214070421014,2.1937882246410503,132.94474768916808,0
0.65,47.05244335082425,4.499955626516165,173.61639120471727,56.800162026563974,1
0.6527908763921408,18.597356833267224,4.28750380987461,54.3627144483107,25.066501331446833,1
0.21076859522513702,149.93148537634326,0.08218435206775646,22.98211115719252,258.92228573097,0
0.2728564404652967,739.0040853474991,0.9199888455514643,17.275138618273495,50.0,0
0.19221662313000154,368.20961049284284,1.4074391139172275,21.650927734694708,2430.1225223522406,0
0.04404818484802763,1637.8660662002785,0.7924011323904032,13.787091510552482,50.0,0
0.22232235196948982,407.7480956298885,-1.0817219847067305,14.164936829100656,3417.9206294097435,0
0.04271815136040225,974.2442797326162,0.19500006716769022,22.032529317678783,250.29513026035946,0
0.0782585298823173,265.52978461032865,0.11853424144633881,10.51026638466578,929.7273794610835,0
0.13848682473408444,1691.273990742125,-0.7080352829584932,14.916039248322877,303.27065472550487,0
0.8279539820422068,27.28190641782174,2.2617813869302785,80.00851673475954,276.7426418256601,1
0.35529940017133665,820.4789760663909,1.1581699648799733,17.98603243273316,935.7081613292833,0
0.12483052018413596,1539.4545008730975,-0.7926274346451605,8.48120272951513,394.2720866255393,0
0.8639324556794921,11.921336509546645,5.796007692991434,109.68954936457108,331.9730274709917,1
0.1671477447440522,1383.282683179455,-1.5914976359196236,14.857157697727134,1675.7016042459427,0
0.904956304607856,13.229535628865316,3.292310170001869,80.38549370622474,69.8164180437996,1
0.10605263267725348,388.34071240343127,-1.6357432881940195,14.161545746558275,50.0,0
0.1523253532355758,440.45478909996604,-1.8404116965211967,10.91108152772595,652.773025176819,0
0.3632180209843988,582.6687000082312,-0.816259811057028,14.92327635979429,724.1870016092331,0
0.22661487776345174,524.4088699195646,-0.5607161152672309,6.138553222667758,1463.1420470806556,0
0.2115783425492746,437.9002886402154,2.065195238088322,5.539085995555325,102.69521910950188,0
0.08011824120616193,1428.9266772628146,-0.28385931931625463,5.878830110338816,1780.9401656635184,0
0.1647495569004701,225.95199545315614,1.5810486838718745,7.101408551888918,228.18918971566617,0
0.2660759802996105,1037.8696648972725,-1.0008446353161848,9.080634275592946,1200.0580095690498,0
0.11993792056016253,3828.9335521802805,-0.25287846945038367,14.984224610023633,90.92819144410213,0
0.37529746541575604,319.5813951058149,-0.14174209418763992,15.15150902650384,123.9404708287933,0
0.15720853909495483,384.18441542478155,1.9016969469220728,15.32871611311245,342.30276658475634,0
0.1006295496297796,412.05606170486016,1.2589774955721018,34.702694924622364,349.1243302219528,0
0.15682850291002978,192.17589597266044,1.6263357022156766,14.616451729330471,1442.9492749561998,0
0.8524528594594741,29.33406932070678,4.2033914852898056,45.65182461467848,233.2409960958964,1
0.30985203842125414,1847.6407791859476,-0.29263069761272065,10.998980103259322,536.3598683669825,0
0.9749140748972809,23.768890250420014,4.744766720004329,62.092326964245736,93.39936939386435,1
0.19161884145862565,1107.171994401336,-1.3184182763051384,2.72978723152488,1002.6115993167929,0
0.32657823109394596,721.2966931842403,0.6391223576533764,11.62012897821814,246.6396148917136,0
0.35019041235097215,464.1864611647506,-0.7162745666698576,11.851210391953531,137.56354076521203,0
0.3125517351760875,478.54901676838386,-0.3436532764230419,6.13762423780296,997.1600596225629,0
0.3613056146899408,379.36681899739534,1.0205219737563338,11.75856765651455,2486.9038211589245,0
0.23544906574872757,1545.9972328586819,-1.7472173373247617,13.480857609308988,299.8653997504128,0
0.3550581518282111,4030.0173500595834,-0.7582764029230066,2.8353773926294723,52.13033788823966,0
0.20019131923043962,829.3357917710043,0.4235057659278442,12.79079838323878,935.0995355057844,0
0.420587168074454,219.64519686001037,-0.43129547792375017,7.505458130094226,2895.3227430329457,0
0.9772576480893921,23.56080431460659,4.411032210246369,59.06711954950923,248.33025273716095,1
0.32336910243603634,475.6794648762866,0.44625076405985364,7.221540040537101,652.6933047512447,0
0.18452133924657094,734.6044460485616,-0.17135464587813257,5.937342794242536,513.4069648549518,0
0.11645842623044599,3550.3068772056213,-1.5340598832214616,7.323336894754219,462.1008020648708,0
0.2741105365159393,1102.7118391819329,-1.443263387673323,11.739723345355907,2236.7388101837764,0
0.030472047014285356,344.08432709591966,0.4946931335452561,6.6913137035426224,623.4151427658226,0
0.7531921483325872,13.01757731070934,6.219143655336889,76.5776691743962,222.33620326634966,1
0.7384707046373009,38.1139461211497,3.7786055442159148,82.83298010266087,5.0,1
0.9302396268852486,16.85612252069272,2.2926296743195205,63.460619837517996,142.7393901470315,1
0.4023445362800246,2090.162855953556,-0.42676432232853545,3.521366325500015,824.8824802455146,0
0.8028440373794635,25.81687907039953,2.207178851247862,88.58475930206353,215.40907335227973,1
0.10425768501685193,420.28986893962673,1.1718086807150292,10.678060849048194,689.8940161211023,0
0.25266002882866134,687.7180140496279,0.26485950905612243,8.029642535891037,2051.1344899360024,0
0.9071730590580908,34.93151162624606,2.9961821661248575,57.610038027766024,362.960859449545,1
0.20820595602122102,512.2425495667321,0.43897888360182563,17.992906171895072,957.0855478679115,0
0.9018436390560965,23.56845144319558,3.2867659760639962,84.73655205231027,193.22300698055076,1
0.16802011769598604,294.449912810392,1.0341900957667707,17.75579257620399,1735.3715890717967,0
0.65,21.828574404193255,2.8127149005104304,167.41924256687972,7.81079021240839,1
0.1258127528783972,705.6086098066787,-1.3643913737093103,8.866030875081405,483.65707627997494,0
0.13395278640227268,851.9418131215704,-1.8208660144619664,8.863275782076936,275.69509740959086,0
0.12812090820390087,932.3201016614586,-0.14413415076625494,18.020471238916922,1332.006529222844,0
0.2818640233524163,573.3687528378574,-1.1917224430867204,12.706407736968602,850.7114074742572,0
0.14185549971104477,346.0781211011598,-1.606271898945584,13.030034659970868,2987.080281705667,0
0.039989515935606415,443.2999750618551,-1.411992577150224,6.175055141749848,379.64248928919267,0
0.33315074580032494,1123.5898718356016,-0.13231006293443334,8.739611739534139,4788.430065610285,0
0.1692829165704169,585.773869469341,-1.0263005500957576,4.3151348169488015,1134.8320239262396,0
0.746353062079556,28.028869829122346,3.232466196465061,66.94315707908275,29.024466313702828,1
0.8728084174311846,24.786628971320866,3.211140051970402,107.56293910747394,89.67557868146291,1
0.37098212541580694,237.5329319598587,0.10776208867632091,12.108911485660956,765.8906087912247,0
0.11717367595792043,1567.8839440924041,-1.7366421124332418,15.212966848085571,50.0,0
0.05391340319828678,1139.346594710321,0.20359300788397736,13.593758095643851,3552.229247923838,0
0.17383765158588435,543.6246291919485,1.0740370879876142,15.218401075602154,224.8505309292583,0
0.14429039691781065,298.47702373926,0.9999294713186874,12.470112745433951,1344.0059893573562,0
0.7588932778114215,9.554344287460466,3.115960773744999,133.61950133983936,469.78386797557795,1
0.7362622880305085,12.508442847504755,3.9890622322139655,132.21072310966184,55.08803266550508,1
0.9021305622376016,22.0069332831493,3.174186140424554,43.82470354472825,112.18118877626168,1
0.18219376197403359,2190.2330428143277,-1.4645795100501657,11.274220575546199,1161.1070499077862,0
0.35924064965758307,884.6869933662796,-0.5106215889393767,16.953339867344024,2033.3175806241893,0
0.37132057893030423,603.3257983954209,1.3320807259278715,2.819630554643253,495.7710762779703,0
0.16817721963481505,493.2212739796402,-0.5887181061529682,4.879974819317955,814.7855115568887,0
0.30023858918619156,159.25741884664993,-0.482731977240583,5.096046590214209,1209.855070280734,0
0.8950203437720661,14.143921774615501,2.8770373370702593,132.03246574603793,58.05683804404343,1
0.513751975043537,1181.9415991567155,-0.9424685769215646,7.049991567828447,1351.5496013388047,0
0.24687670979320206,1354.3474398230755,0.39987568473357277,5.325085769791282,943.2241263488368,0
0.18163786809835436,970.0880795939338,1.2430886075978922,26.417118723910765,417.021484396406,0
0.219475847401892,752.832283548016,0.8899870325668338,8.093840043877837,50.0,0
0.8361202484194769,34.305546371556375,3.001391146591777,40.0,48.19389504681597,1
0.65,60.244424806384,2.626841426866449,150.89106841441844,238.07383190449661,1
0.4350091598847302,1620.2896098382641,-0.5042100953003512,12.224850694106763,286.22271296230514,0
0.7717037395751284,14.274989405891933,1.567176482723121,73.62565857184345,198.5367550181326,1
0.11050451669212086,952.2037624335481,0.16201275198811943,22.77046814321377,1391.4491018968765,0
0.03334538285617895,184.44527859527687,-0.9754225203773388,12.886225205428204,4286.9585440117835,0
0.41179731892969135,878.8797444554762,0.24818659447669594,10.47418290718977,2461.1580434073303,0
0.9161454646297525,26.428625951564335,4.85486980342916,71.6635334106577,74.05088026437514,1
0.16240710336743064,346.81509278371647,-1.5365738456897544,13.91904166652843,149.39437781702316,0
0.13111414815049932,1138.0659663916533,-0.24291571162510636,5.634049969923195,636.8313660067798,0
0.17113351228866408,853.7625744454186,-0.9862951545724351,6.201829503779091,50.0,0
0.22533442503910822,502.8137184987247,0.08993839582099193,7.342850328398486,3497.9301046173164,0
0.14693655569243086,349.86518150522795,0.44107568017116194,4.930003890937661,3985.7280222590957,0
0.3615280180866483,648.672984579614,-0.4802750286244204,24.26610165850858,590.1990181646696,0
0.37766087877911586,468.9905948296759,0.6547810857714145,28.288145169848764,60.65645292068671,0
0.11480809645757234,2455.6816717162105,0.8376658668779747,11.15212968568038,3126.9827006757837,0
0.8748763204570116,13.248961166771586,3.513450631375419,161.48812249155068,105.63695152432638,1
0.3248824103770745,1087.4338068473571,-0.53925748162082,21.049933930748548,2029.832012366348,0
0.07793484056860077,1241.8143399572182,-0.3736124420134736,15.954066351681869,3670.920299259421,0
0.15493771621588867,601.7833984977256,-1.1834882108688618,11.921542937803345,3557.231363418458,0
0.09093929306899771,1087.142984874482,1.1309744278062708,19.180911447608914,1157.3680034215968,0
0.9278643465414095,25.565490625038336,3.4104334976324013,72.68289428618287,160.17054485440983,1
0.06339880152349865,670.0614027663268,-1.0179145456553433,13.355977623809036,287.1824318028768,0
0.15173735523200474,1555.3556022902476,1.1262162317783488,14.841657392924585,2382.049915078584,0
0.017856788886404025,960.5676796610281,-0.4328818731809713,7.552320587998313,1260.869788140859,0
0.42234218587073097,1413.8068529814277,0.6512663050106834,12.658697019187777,1237.044428891605,0
0.7373383418186664,72.77867443572677,2.644557336326524,116.84355103135165,10.036208978537115,1
0.16554834211763325,577.3478214460916,1.020073416429868,27.864384341016176,866.8374408061445,0
0.330883458040293,3985.2642810727352,-0.25538641185426775,8.679593273526779,1270.0101533180602,0
0.10123424049124392,548.7268810045745,-0.7897623234133629,15.055332268104259,5549.535424695766,0
0.6941592211331489,33.35529332979317,3.7259436411090086,49.710648421370124,276.40562043578416,1
0.36109872654134145,601.7975080347866,-0.5041368130373036,28.291045696045913,5852.438546223116,0
0.46305424782548704,957.2340094380717,-0.7214896472442744,14.46435485195548,215.15832613231862,0
0.20637671394889248,369.2285895533092,0.7602724226634243,16.71053166815743,2164.980110775789,0
0.24386188263641523,196.69080712745455,-1.3409513804358102,11.645620516606082,1223.7692321327193,0
0.2122605739414274,2185.792527907888,-0.2150937113866431,4.8016946917489,602.7594310019712,0
0.1089637341306029,800.7509756452869,1.2070728876004806,5.818194235832383,468.0059861373871,0
0.06421071356556168,1251.8079830754994,0.1499032973906105,7.478930339105067,2108.582441897274,0
0.9083261162015898,37.57797969465016,4.657285874432635,143.71043856031278,78.68605426691671,1
0.9429189251313975,40.250140559937186,3.916498188197606,130.57991212799703,235.68050988509665,1
0.011804996057804051,333.8539403068293,0.7064526567796688,2.4246923929112683,727.9044150760825,0
0.33520040579791693,191.9406032711075,-0.08251773581560166,5.46066615922694,194.59180962143193,0
0.2122963024511515,706.2781484485755,-0.9797886719978697,9.90956905088513,527.0330582146349,0
0.27237943769438505,1256.8846101491324,0.4138409341418349,5.176719360980614,408.82739795706675,0
0.06844893153049612,289.8506063485859,1.6929100451277126,13.165908811754733,1149.3988470922818,0
0.44734487834068426,1048.550994782945,0.7509563049891836,4.6403640636847525,823.3740512706196,0
0.8897071913055551,39.61815317650169,3.535601369913218,83.2494873329683,264.00494739119785,1
0.03876807713616255,391.55334692854916,-0.12223610130759316,12.520780102579323,863.2772612998614,0
0.09993311160251403,258.42251545759325,0.35160418902669965,21.936021218324374,1765.0501822815727,0
0.24561833162778066,270.72463150171734,-0.24637304374803073,11.265142164098688,126.21573255998536,0
0.06443563684124586,567.2986987057348,0.19697980546524393,15.616643545575174,2787.9651237786848,0
0.13226050365042272,1074.6250611264752,-0.8429598658458911,9.506493522584591,1194.3737082574994,0
0.3378555610102431,237.90092988801533,0.06931575094112594,16.126256085540504,208.76260713301014,0
0.09498917437052605,135.82411917686676,0.06985549011215164,4.412125295978283,962.9432861439342,0
0.07595275450800759,467.75107463132133,-0.47355532130838146,14.076268475000633,467.4307875274358,0
0.8444728525049561,19.353933129141286,3.1240418168218373,112.44910786913417,17.16547082741376,1
0.14544054954738514,1105.9155166222665,0.5026891340572774,28.26875139558559,638.4698968235837,0
0.21173917998291497,1064.5786400716229,0.1897261791986366,4.887138398203912,135.6239827509181,0
0.2069280892285374,947.2985666273723,-0.5854102218195238,4.052146120764206,1229.7165367960804,0
0.24253511887052825,554.9797649733497,0.2765508574425336,10.107026602304863,619.8465912588562,0
0.09733544725321756,906.7649254386778,-1.2174768528621063,16.688630148836662,8000.0,0
0.3672067173505017,2316.428192263824,-1.1659569263579848,19.262757530951717,870.3242412335464,0
0.65,22.55264699873378,2.001514620723434,79.40351379606719,140.03589553852095,1
0.18602599803409905,300.42893960625815,-0.7824715258550916,7.469994866333723,471.69135858442644,0
0.16933460483696086,1491.6433685885033,-0.5698104243227993,7.934886391176022,692.0762077438487,0
0.15044575363342055,299.1238552080146,-0.2023537597454822,4.077960421720713,1961.8135941555602,0
0.1599499432975951,281.6570291894031,2.420938515658837,9.515572190569772,1324.8901799315627,0
0.2001948380358161,290.61466542671707,-0.9247342375001071,6.268535136586,589.0023627963226,0
0.08228949497598312,753.1712283919979,0.38077693464440415,11.754183471813585,2594.0854362947166,0
0.30042315475883247,192.90829850831423,0.371592416145303,6.7455716669078685,459.0909946412649,0
0.23033291589005503,87.43604360183699,0.633138398182844,3.1618527463320545,297.90835594731766,0
0.11541328059269351,443.1535521074813,0.8205549402713387,6.7439143874469005,270.3199896941385,0
0.32336380525554687,1209.1810491773654,-0.4294097424905361,10.431462910140578,313.0408343470169,0
0.0780560132589301,2050.217615853911,1.6207646687750252,10.300643057821596,1793.4926043447592,0
0.20280804629510218,338.27784292536666,-1.4239322686100582,5.496325451901326,2805.863692321799,0
0.14802413908637696,214.13708033633318,0.6965781674763256,27.82358833900459,130.40975753668835,0
0.16055531528237574,821.4859072324507,1.1700709903865816,7.636117482936325,1156.155874840764,0
0.6768128007992519,10.85478028631424,4.105264341755227,151.93037487931892,188.32901338134425,1
0.6598764368683976,31.794953613630064,4.647348859922661,76.04125716461199,53.76156580965761,1
0.10875275868584144,918.9619138822417,1.4877835971653446,15.731251897064737,671.3351406218894,0
0.2879002600445967,967.9082710484377,-0.3903572032092572,17.278869865617754,2374.7209246793745,0
0.1163940511371328,604.9517347785019,-0.24974245041047577,15.688682872102305,3251.507095670639,0
0.09208800454598585,1040.1891283450243,-0.2858397095566313,12.760722870165816,1455.3367570924634,0
0.9351768560427616,16.788046836222925,4.389275943254011,150.3425644283971,26.96150918175678,1
0.939035308479109,70.10071275917576,4.834227307429536,53.85692762445206,107.55298798263838,1
0.3601338434317292,800.2941658843768,-0.3764897826377621,5.722170993319514,956.6887790593483,0
0.3448525025684329,804.6693947356962,-0.35793525419764505,8.079706437194815,543.0753307997799,0
0.09218401436074243,1239.355209835719,2.7664660844189584,3.2438087855908178,1655.7419856246684,0
0.08620378881912284,514.8821500637603,0.7081525581239733,6.267391153155058,1470.1711976949543,0
0.1510425823673109,360.0123171775351,0.12096446070272407,8.818344714574195,624.2670833633128,0
0.07711838883328803,410.87389207866363,1.129367623128353,7.21834409024197,1428.7685258835347,0
0.11887534125582705,476.95255881268855,-0.6496575504081362,15.144304715779132,603.8353365803678,0
0.06601274708815551,1228.8989368376954,1.6342838436718925,12.070500170567776,435.8910472777905,0
0.1214961176873477,273.8533530527057,-0.6319870717991768,16.106888385238456,1183.991783020862,0
0.022497652677230487,391.4588337945605,1.1946924650570308,19.408039755557418,393.84760009972655,0
0.511402646852728,227.8473803093313,1.3984436503836541,10.608297022236204,1415.2145835960796,0
0.6574124790866305,48.37539850889138,3.726037630241772,88.76876754148186,51.92498210678889,1
0.2911948399747083,1571.7464610609795,-0.35003271952377785,9.893720416319105,59.083586592138715,0
0.10181829493892476,796.528521456206,-0.7419705943356569,17.772892644063884,2995.263324624979,0
0.1641462300850567,534.4765330440853,-1.15910158617657,9.753550785758003,1640.1395715179005,0
0.10691448437768238,529.52229502348,1.8422497564744964,16.61940041557378,3384.392657345706,0
0.9027270686013112,24.48768664390187,2.5160436801186776,84.0214372363955,120.02540102863236,1
0.1964046074585869,259.0762344768883,-0.4625462416918259,10.0707244356662,3466.8046349778942,0
0.770906799836457,31.81872006314919,3.023204973509002,61.26659622455874,202.19613896409334,1
0.2924084686896434,1539.5667654633946,0.3299840921770333,12.86756198120594,69.21945394414438,0
0.8794267607932731,67.8115198349792,3.66405396475344,121.1034866928315,15.823379616729214,1
0.1714062652837946,1301.8184499454512,-0.5406254885652224,16.79193447686719,525.5882131665686,0
0.17989723194024237,4837.363208318693,0.13511510308420474,19.056059946784035,2281.7147946458385,0
0.2599095503880254,330.45063143154766,-1.8395954925862088,5.759112927284694,250.12576332567969,0
0.9521131460704461,14.691494376482995,1.6013410837689475,67.4535953858249,223.8283137747504,1
0.2513226518182671,219.84501150547854,-0.7036518358315914,9.016164118633771,61.334632811479274,0
0.157174988753152,1877.7753081438243,0.06327025484124159,5.783781642519167,620.989636818173,0
0.65,22.04558201591328,1.7299676582732249,97.54608574450725,230.89805193432062,1
0.364923011242039,164.90346759794377,0.2830989193492951,32.346796223303166,1247.1556238036871,0
0.22216123702058127,2860.3222667859773,-1.2941075650225413,22.673656934820716,1559.4536128930117,0
0.13113171041289537,1223.1357562095868,0.5204207493003932,6.53789392730164,412.5699493481613,0
0.11463598344666164,663.4402498727833,0.19287868902522484,11.16434032861321,204.98165933888117,0
0.3767911555852416,853.4609637701947,0.3078658347309799,18.259117269140162,1821.954215445004,0
0.059088667045030185,656.6411880442156,3.0453255920111455,8.911985372257803,519.0176529810933,0
0.09507041805503817,634.5206147625507,-1.6140194329439417,5.263488619453097,3301.8807082680332,0
0.7106006195548733,16.73561439384408,3.5111653968624785,101.67987686919729,34.93578898355848,1
0.7683852406490981,41.895835983374475,4.200317657037456,109.76577682662287,257.5987962054622,1
0.8341038258997127,32.11459921299887,4.424885510547123,124.88802323717456,5.0,1
0.36340293370006227,677.9189428990409,-1.2711453765590728,5.811319350570134,2243.332765115438,0
0.3681687451847506,3317.4606746726563,-0.1733668553856451,13.263472392273567,423.6501281664921,0
0.9833414493369474,33.077688657165666,2.203350039731365,154.02500419048386,95.73509746494511,1
0.972977150296921,17.16982124689828,5.449015942784509,78.7430767414302,155.76794851049277,1
0.0559833137987657,663.8969153454059,-1.871120262824403,5.796596133396574,654.2823408773934,0
0.20491683556106444,395.5962054476762,0.2256469257111892,20.74001201854466,1790.4733600929023,0
0.7053263381364008,18.788452830869915,4.367623978238966,90.53352359899075,108.43944677388875,1
0.7701996826771518,52.525443638334224,2.731321567209236,96.9660258169892,32.855839851814345,1
0.2863112736496306,2590.2102215887217,-0.08923523646607896,8.512195689080244,143.90003732797092,0
0.3359566929102153,1388.31140647631,0.6330209482869559,10.55229960431279,1761.7171367704343,0
0.05290490517188955,1592.3466257847447,0.3611007593098181,4.4538987145458115,635.3516748898764,0
0.820453846502379,30.182117373545278,2.7463360841662183,110.02783557814547,190.91223170495857,1
0.33381454516285947,1793.3176998350573,-0.07219553659670648,1.7546757562172213,989.864696313291,0
0.13153808643671167,423.4894933725154,0.0024647610997071065,16.252330736851796,910.6306834300045,0
0.050226755566278855,441.4055634561891,0.23820065406201246,8.433062663674143,3492.964394246722,0
0.28835485219886947,802.4522683826592,-1.6421352496329535,15.548974983649906,209.44867237903625,0
0.19352410412666246,532.433870313566,0.5371941459816314,5.293314275558743,89.98303833102227,0
0.8756201632065619,24.62216868829005,3.615361968494899,141.5016929769586,291.5454329694784,1
0.1779984067490297,1783.8405673215182,-1.7952731233518255,12.16144594416047,254.42810078262787,0
0.07169594799203655,225.28919450915498,0.9631409731750529,26.402847598833933,465.74036522079336,0
0.26722274557890596,456.5551891882839,-0.9763733901851996,19.432907725238103,346.6608631274559,0
0.65,40.852667699363025,3.56014704292226,76.62904926079338,298.20836966764284,1
0.3018873691351912,1100.8363184669686,0.5316182008033739,25.59339093397725,50.0,0
0.1899019233140115,1758.1250633301836,-1.2775380173581303,12.278730893777155,2072.918018249094,0
0.2720036445368748,455.19785675516,1.2526549055570213,19.82539081114958,1076.4561045792286,0
0.02300651485996766,605.3915707010698,0.11396107883724602,6.248779110143599,146.92683658721978,0
0.42634565572316946,1752.056512853166,-0.40303571436404395,12.209051808770136,771.7275916686824,0
0.1485216095348963,426.0962726494833,-1.312109530858121,23.449175698992253,1323.5016491212195,0
0.14581959327557492,1104.6125123126399,0.15317190725958432,14.512735700968129,159.40488335614842,0
0.11467160252722071,2155.5542248729193,0.8313413701082871,7.494137676227908,1365.6434198933446,0
0.2054633290074977,956.8980154572682,-0.8416596311035961,6.675495668750578,816.6741775147117,0
0.21599031398267088,653.0434749364041,-3.1194749238680104,12.071089525740106,119.66823338171176,0
0.08218469839149953,971.3354844304837,1.2809876791726227,14.622032785891907,816.204592339209,0
0.3010689440169057,1129.119480477123,1.7720989834294196,13.145341158274897,1125.474454765253,0
0.10282236469347789,2206.5319972248903,-0.24423663170443868,41.775109946750064,697.6550212136783,0
0.16779628532646942,179.78079348153406,-0.6208215468630901,13.671410740835755,361.7224620543187,0
0.33014335599742844,619.7117799137297,-0.9144475665885586,4.969921035843292,399.93525875485744,0
0.12882832261365348,937.1067312742119,3.0298383888721423,12.324082483463068,909.9318340279181,0
0.1362172419394404,212.43525168898134,0.14337017007950356,18.86580296274525,619.1225010189127,0
0.036436515936203534,580.7065006064612,0.6609710639668241,5.1424086073036985,423.06263429381704,0
0.43046780177870436,479.8689235429443,0.3436022623597101,10.731925585171803,1215.6518370060119,0
0.7882423612102476,23.725052349503066,4.7869246606673475,42.44192858299674,251.25651079042302,1
0.16299644770966804,1217.086693732412,0.415979255894734,2.096478530009355,4115.5155526900935,0
0.3275949181826963,1337.9038297569643,-0.8542338609745351,10.108909269121611,532.20873649901,0
0.2673786799048141,1573.313091454332,-0.06498098099047911,8.56210255611912,1720.2724226869366,0
0.19595485581764938,582.0542329341173,-0.3570326493531597,4.375191046016232,728.2839657088844,0
0.38875728814876137,1054.6410504484127,0.026892061725186146,7.388791845160551,3242.0533352148577,0
0.13399548347953782,2548.8551847709573,-0.4256484999298592,12.828174898430897,349.86668543967676,0
0.65,10.4786773436381,2.653751257630048,101.30354637474755,70.69590748761918,1
0.20575304001709738,559.0959033321982,-0.8460211282923613,9.514279697449133,1916.4940786457757,0
0.03952113433936284,365.21396060193183,-0.25872954256520014,9.025515410825331,737.9503668719711,0
0.06787348283269728,605.4314798116931,1.2608725050835026,14.179224010557052,1432.0657122150267,0
0.65,13.179433261831484,4.427743967710697,128.54798688181648,81.41710899307532,1
0.2417402159495767,1186.2966393197912,0.1830496008171349,16.2508214166821,1297.2262651264723,0
0.8188341627227049,11.828438021837119,2.737000727604426,85.85582355955833,5.0,1
0.21089411511854878,3522.3321621816967,1.0277297751471077,7.306866715699748,1565.6118078135062,0
0.26719453843845725,863.000303075286,-0.8903043158872967,4.986377160205594,3152.584130622694,0
0.2018970243353363,478.5043348111366,-2.3471737283381673,9.550951871102027,611.8433261020721,0
0.21233668641007244,190.59622982454124,1.9280728302178118,8.459346301251689,1121.982660117144,0
0.1453827414896541,194.36410668371278,0.6858973598434033,4.518367146575734,310.71618332698716,0
0.7293994274259995,40.28793971290528,2.160647092508963,56.10701347430336,55.79193227617503,1
0.25824857186590344,211.36028390973087,-2.2923013746251835,9.485721146314926,2127.0558801774996,0
0.22200040184867664,451.75019108538265,1.0301853986015017,7.17945233556752,1157.5348620135387,0
0.750925177766794,31.075582740419026,3.005770500762112,99.0776542301002,20.981725478475077,1
0.10649781559894773,598.0596847844577,-1.2453155090501393,15.910577301043212,798.4914283059132,0
0.14723504984000624,250.3833435728552,-0.09780625595415364,7.118444305470506,248.87590740129545,0
0.01696007678440867,354.17444274431494,0.46175780492321156,13.960569966037653,514.0393447300263,0
0.3291548266899438,789.8957216903915,0.7940584645271217,18.652180666979525,2802.840158664067,0
0.18993073606999386,415.0186169424629,-0.7280239948197764,29.247669703069448,1463.0626347482705,0
0.9153215834257208,20.430220018072927,3.4893975358418277,74.47768902418662,88.37773905278067,1
0.5407955692320058,778.8855412817996,-1.7511158614855973,7.69261239166557,1629.2341322022862,0
0.20245967210140411,1506.2838501594745,-0.18940266780649592,20.42595965041085,1646.9351753469766,0
0.048514119952498914,167.1346307045231,-1.905303769564807,8.087299305911777,614.2959488541834,0
0.21397255492916986,793.920740804765,-0.07335479457677492,4.615329476883737,1340.9938743177036,0
0.13095694090938398,687.6557016021615,-0.08156612043058602,23.545035352764035,654.9613589880155,0
0.8886843443362089,15.317717579063226,4.782252302338702,152.444273265052,65.99579718685169,1
0.20881393589165134,767.3089111150073,-0.261538511375743,8.994305966641939,627.483169858025,0
0.2060242959533211,250.80959502989467,-0.5922191639147026,6.7557754086275255,754.4065290843977,0
0.13737722141698108,447.8372808975515,1.716427481477082,7.297077827530028,77.70712599120543,0
0.1556375778369559,736.488663743655,-1.3705020650543835,26.3226604047228,574.6099227236632,0
0.14139225477578593,56.46744003969253,-0.7972926829243939,18.049932726135296,2809.453710215853,0
0.37115130161221516,385.3787530427333,1.147719040105178,17.867594195802862,1770.887517889604,0
0.1267465015956008,289.99122092893293,-1.6815678023634413,5.071538607518044,593.6305625066083,0
0.13318361335901194,1077.1796313815357,-0.9869218947506514,6.7256528076777045,2603.5877210469916,0
0.31880879240428356,2258.3211065208166,0.2051996179539418,7.724979472259133,721.5165163288599,0
0.3054065040155019,444.53959220245287,-0.7273208126785566,1.9259140181853214,346.13985346397624,0
0.8994042041366938,26.847986031000918,3.013106115741529,100.80216363759405,81.07947337584147,1
0.4429908313035993,200.89737745726538,-0.03405069946277105,12.962502558135208,465.43768799621006,0
0.3357736090153051,352.10018726626475,0.8000686529467138,5.680201276715943,240.02271362751247,0
0.1286804329749095,729.712153667796,0.01996791653601892,11.257979593667411,246.49687173102674,0
0.16208424984251227,956.6548275176063,0.1196270158728145,9.623532590424954,3285.96353286691,0
0.18053165217789413,275.88714219454425,-1.8372099953279672,13.79205869506303,1161.5162505637325,0
0.23392656240171522,310.20767978136894,-1.1077794480839789,7.48797196411093,82.05407665287687,0
0.28899282241905344,400.65244550286775,0.6890624790152835,8.570835906488512,1236.740839014292,0
0.37218161926143795,599.6589576954566,0.18654805585397857,19.05680346165468,1383.1891023032153,0
0.10820352955491426,301.3267943755093,-0.21929996025069107,8.227338832067508,1829.3641557516873,0
0.8815238840337511,21.349391405491453,2.7984794148094365,147.0425073404407,305.68508632550936,1
0.3502099963459174,620.2760892092382,-0.7913520670754193,20.854708106958363,577.7326547322839,0
0.8297304490845007,26.933347553904763,2.7347914105391475,98.25245349180558,42.22750677722752,1
0.3517034467457474,3270.0214892861054,-0.9002499779015097,10.74411168123611,1764.4799052337125,0
0.24172944890559053,485.7163971952515,-0.1275084590481573,15.960069137989734,1654.944027519372,0
0.021054208464102726,758.1235818662719,0.8707875968519352,9.224375727280554,1572.2943836211502,0
0.22319119485139746,910.3286258764931,-0.7054806490303621,1.491965787675877,1466.5514175218584,0
0.36638179501147733,239.30644401927424,1.7453450188024677,9.411867913773031,963.9015895167404,0
0.04849059381409741,981.6935556519073,0.15504625630497473,6.4221181271974155,275.2855989009391,0
0.24870174259221878,603.4145466929205,-0.5962104166749215,5.702219421236311,440.1966456083976,0
0.1403232368668798,720.350404138065,-0.5032170642785246,5.583516730932811,1323.0308297529075,0
0.3317557352972893,169.70211244380883,-0.05741405492750189,1.4464539091261879,1879.114929345536,0
0.65,10.976197194481212,2.6027805129975943,99.33261067295041,108.39459480810127,1
0.19209758746558747,1433.1596770338374,0.6884110538887852,10.153153559726633,346.8388771445589,0
0.13167102677176865,1970.8536253567995,-0.3261502180506149,22.361354139569176,1447.6396983206748,0
0.5376734841873401,2084.7074555225454,0.7821907039613288,13.09598776405915,101.73285678705409,0
0.17475893896858552,153.86196512873332,1.2746411561953968,16.84797675878162,1542.0287715272239,0
0.34680766301576355,178.8524802113634,1.6428176678484692,8.391407374061032,270.597654509588,0
0.65,33.38461164445342,4.609165120188951,60.55438667785127,27.577340049411028,1
0.2880773070013004,568.847193457832,0.4187914867264866,3.81873882197651,811.5306568895805,0
0.059205781564026436,814.160231334162,0.5668380019892694,7.7952442101144594,50.0,0
0.10311669208049089,456.4786870403667,0.37064089727020477,5.41432000353346,842.0653635113373,0
0.2544512315107697,905.6516812127778,1.3363261454781257,8.723907661371008,1174.1418284256226,0
0.1887846037693691,1054.4914919790115,-0.8651977448326591,4.2518676303015965,509.65022954934875,0
0.4233255762966139,2143.1111616268013,-1.3130246617542505,28.052857936328543,1653.3149012115643,0
0.07013596579711973,571.5865384957514,-0.9341568622419931,11.987805931718981,340.62385065921154,0
0.12843020900706495,1287.451968603863,0.8739382541860049,9.034172676984099,490.7843128576014,0
0.08350735734777998,608.8894906832942,2.3040376838763534,9.586156002569203,1775.845880168991,0
0.9364688713232099,48.24055347381379,4.511515909726493,58.393291307249186,49.42581550259323,1
0.10211968984158924,579.4733200965271,1.0570539399722392,7.924399169248095,55.99797355244831,0
0.23035487422355466,154.6096133006469,-0.33790784808824337,21.549863015240298,729.7011396240943,0
0.8717099841275167,40.89595860417835,2.797054139831238,108.26049006990556,8.658689384798691,1
0.19475097527233,2257.3839482772955,1.1036866709514928,6.0183486144904865,50.0,0
0.7567036801294649,15.94914261583358,2.6015086746363987,100.11963232304063,5.70042452219071,1
0.11660942773280061,457.3011298454921,-0.7149733299695444,10.355136056053684,813.927423764742,0
0.30559670555844104,1190.8883501627981,-0.7241092231036228,6.010551435343611,206.12035062061912,0
0.383869060352234,1087.258179349945,-0.07008380102765632,11.56602307772137,434.4150117161298,0
0.16749959705454906,364.1782192915112,-1.7684918655590522,11.230277923786662,250.64624739872932,0
0.17396115799877218,789.5576566063419,0.2051467089084181,11.869846242966535,171.23924697462758,0
0.65,25.751690816407283,5.542032137058633,58.38105896490133,30.099372590058515,1
0.30487751897904136,1238.2583946837885,-0.2949501950727061,13.086387966004331,1114.10535697344,0
0.2781946266826642,213.8999138085041,0.7343402884719342,16.83633021671566,1927.0209111422575,0
0.3576822623471482,848.6960693465097,0.27839846587282113,9.833591070555823,216.13542317989743,0
0.9417759907405279,20.989470244909715,4.4670569145559895,97.51149633429822,66.67900527536797,1
0.8381146281914599,18.64195103803883,2.4530359488086493,119.38691464122624,91.34231124412739,1
0.9284200703562331,33.43103196592395,4.870413323293704,86.15948880297725,85.19930099394753,1
0.14162224150223474,167.1055215000421,0.9320668089761116,7.631301379345133,387.7708031809556,0
0.6795736665607592,14.56369561613201,4.245580434195825,126.89996034163836,99.35889159373723,1
0.040664781841867954,720.9900833442426,0.27081415688101457,4.394055818302444,135.53637042743452,0
0.16974641473800317,1681.2236246311293,-1.06491621822094,3.235964988580937,1195.051839865334,0
0.29986877685320723,1895.341903455544,-1.371501141444149,5.042200709418315,1265.4527191333327,0
0.7140689564320942,29.229226377288054,2.7306695597474944,42.86806843348583,313.91907343598115,1
0.15975785024150987,918.3706767953694,-0.3419718973601411,1.0,1624.5000128113782,0
0.45135784940780105,561.2292323248374,-1.3721520481199794,12.953867384538889,121.20200905884404,0
0.7468847879215761,36.65770493999368,4.476720641495628,53.9886879914953,59.1999026577347,1
0.06430148336763016,346.11840607994225,0.5298015199475303,18.149039661373877,1374.847375954345,0
0.16817726696332547,1560.1316872489754,-0.018759959423630203,5.466444941714966,1057.2934197013715,0
0.050123146038806445,233.18377696866324,-1.455628992404098,18.178080251877507,222.81746844709613,0
0.18175191628401088,641.2313729587213,-0.05586912987844468,9.015494494444148,3312.689469134825,0
0.8588370358601222,19.73570564845806,3.156374960138781,52.678851816995675,44.1510386381433,1
0.11027939761722966,634.2510335471773,-0.7925286732930206,6.073612019158055,1971.4205677212447,0
0.7589054464011314,28.552015872258487,3.4791363364319494,75.2211867541092,141.1449197178114,1
0.2827977123570768,1511.0338242858825,-1.3512517440963532,10.953852078873227,222.6677507517374,0
0.0559042073480166,487.85206493650617,-1.5923174605498118,7.19027699379214,804.6077854603598,0
0.04435552253412907,65.52319613892516,1.0531780678881695,25.179979845910154,577.0259834317585,0
0.6610776129317926,85.85466989446492,2.2215208032768645,87.84865015469997,205.5995168249934,1
0.9481473952086331,35.48187677895344,4.77176825414264,128.6167475021058,273.5786029970394,1
0.30478387942752017,747.6063942535175,-0.506477114885152,24.608258590599647,345.0833776103606,0
0.29114555242079987,642.8383439138581,0.37022218618916386,4.550318686870234,1603.933114093383,0
0.2078240371948058,797.8367406588188,0.6652177440849291,14.349804042250323,429.16486989865206,0
0.06927910554405617,257.57316503526084,-1.1297200343150513,23.7258834554598,463.8390123798804,0
0.4082559108772979,72.38196107736233,0.5658115720868266,13.814658943957804,2903.59093887478,0
0.660652919997716,37.971286468402674,4.632295228086394,59.31370762197366,57.51868687292445,1
0.17388674862848544,249.33453918096365,0.7452069776314066,1.0248830325102778,1521.7069007356356,0
0.2144668867633021,1041.9260365700745,-0.2587915495875664,6.925732362757712,2715.529809112576,0
0.11178003473233147,1403.4152604763553,-0.6812176235921815,9.507630642501127,258.720227478273,0
0.027193398410781045,137.41672328137028,0.43390415305960467,35.807884811243284,351.98531902403454,0
0.22922593626676044,3194.4220518559473,-0.26148461323742256,3.9339633838364225,719.6593891931751,0
0.22315030234183808,399.42053750209647,0.07880224047244168,4.5292429517092945,1310.952296688057,0
0.6,172.75643292917002,0.813001808716797,8.230686745602322,2146.9306213628824,0
0.37276335461501203,1995.1420026916996,-0.30125117292122516,10.291814414152626,1569.4673421361592,0
0.0693655160508358,1068.1695065480449,-0.6049733218694675,9.181342036222265,50.0,0
0.7117258157980683,30.877609368126738,2.1987620709212843,69.8623560259002,573.3537532891247,1
0.9610522552718292,26.671093147012463,4.498550736008449,121.45102969106462,187.5784128418514,1
0.03591231062162765,1109.1288126862423,0.42988157316148295,21.681969405375376,2644.488909643137,0
0.20833942527771152,1648.092148293204,-0.1675748377442145,14.282787388168135,380.5725540771089,0
0.35307477439366974,76.1127813762963,-1.629742546289086,7.248693945625633,50.0,0
0.1387069686837014,618.5978126730798,-0.04485618881531375,3.7944417385052316,100.04978486831077,0
0.7229739669762031,49.28095417692175,5.905378024250114,81.91692975811415,5.0,1
0.14167817262811794,599.5743487991284,-0.14429170310403433,9.575201948399238,1826.441537559184,0
0.02435315322978322,1115.488323940218,1.1208876630611317,27.248917082063457,157.21962584317924,0
0.25764435125169,177.65582061296354,-0.2333323411755965,7.571588733890463,2849.879787405418,0
0.04393521252029068,576.7675038527932,-0.3264126101168869,12.414346733029483,528.1765444425143,0
0.052999019313942373,991.2103059384859,0.37850132528536523,7.238335251740971,622.5992689925961,0
0.22347759257051766,1291.1939814565912,0.18229778233798544,6.153026994045952,362.51293881726207,0
0.65,14.660844175946023,2.659511388483057,99.73971249167496,113.71625154847273,1
0.25616938553288543,273.35941725540636,-0.48805586423037967,19.269154158336484,121.1182029245582,0
0.4578838314299279,237.42511397601496,0.026925901748040507,28.306690469704055,1441.2302940829952,0
0.8275990799665015,30.458206064142143,3.8509340000948304,40.0,40.37462316067284,1
0.03069782346259606,251.88147791186978,-0.9592009001760748,12.001303365329203,1192.7738294361338,0
0.8312527525503518,14.850920115014333,3.957244840466554,56.472562213641964,72.73912237588272,1
0.24755244517311142,1012.9804037807183,-0.7076374310992968,27.941352745614573,2807.3873858379316,0
0.25146825580234106,1139.8629704977116,1.1300399462894701,2.0464627778308984,3519.176766913915,0
0.03153555198362606,331.9919519958024,-2.510928865047139,14.955744818867586,2178.153006980671,0
0.021716737679733377,1106.1608546976984,-0.32231184425201137,8.837967040964053,2455.937538835347,0
0.2691643755103035,652.2569275748268,-1.1103440262976154,6.425635187743517,1511.328746699257,0
0.8138721715704778,28.292562933593775,2.332139366160293,40.59860480924133,22.41114065600611,1
0.22035230981956277,780.5824901711036,-0.009120452526275582,14.791500209528765,299.21862006698285,0
0.16948504541625853,1608.298226210461,1.4436993029476561,16.012697436155968,189.15469264812347,0
0.05020633497131692,472.9492561441597,0.19530808504556424,15.379871241225995,58.02321933732246,0
0.19822149193013747,684.2316237257526,-0.1146123590003228,24.964995203104934,1523.137030115247,0
0.28686408976436095,959.4121416084545,-0.1487345907672074,13.069059079897707,1016.0926612106405,0
0.051997971163539033,770.9371424813235,-1.6403620405597799,9.359498891064307,2438.365220850092,0
0.12059445607051808,490.0221665472222,0.19217091466180267,18.17644897217327,1495.1132454817334,0
0.6852032130641794,40.230858145162586,2.7393417709141272,70.27449911240058,600.0,1
0.1611900462413696,781.0644746248282,0.13150695445284558,6.261402457858901,112.52829300994726,0
0.65,23.82981487430444,1.3641891914231636,79.25769973007938,100.5612217748385,1
0.7578532309800747,40.9233157779685,3.583776297809662,105.04147581803934,34.14966975768346,1
0.11585672507579987,290.6696059954859,0.5436873910330179,6.522406481291178,1985.349800517713,0
0.09204341016200458,172.40244814836066,0.33101972480350106,14.377082657814519,561.665551494806,0
0.9106930915325463,20.435714303286154,2.576653439832794,71.75867006937939,5.927484263942156,1
0.42268093627073394,533.6296911799733,-1.3783017360530818,15.445477951687216,570.9152965419288,0
0.3673856466563359,1208.1919533317705,-0.008698370008834274,16.377565528594662,3566.499377127067,0
0.16130171979528438,227.0882822417843,1.0403262322197848,15.16804062598712,1073.2609227504092,0
0.11376849643678057,516.7628157866733,-0.6795238298282704,4.47695253403975,3889.6180393668537,0
0.262745715879938,4153.059175047795,1.1551414661948438,21.024322888110316,123.54589529373919,0
0.07668458057365714,505.86919683947445,-0.6082640215438392,3.2653757235046883,1367.8299311802075,0
0.23644240636488253,1836.2124067324023,1.0939453535835113,7.07983933918823,2132.449183591381,0
0.4416064607802483,1194.6028555870137,-0.6705926519123361,9.136815070822507,3227.994053289092,0
0.28334252842890806,485.8062769886435,-0.2700596735530343,23.482320046756357,77.12330614783798,0
0.7797644913624069,36.96173482558291,3.796602267696396,106.13004880749199,178.03063606448,1
0.8458142058410388,25.386353634041992,3.8265896357905183,103.64152218127502,190.55214476946793,1
0.17552812832927384,480.1741574691949,0.9951740832003304,15.731451497017726,573.3438457915994,0
0.44770942904918853,1086.2390029046217,0.27472364844982017,5.987538000310929,2088.9254905418406,0
0.12789826902483029,1960.7408607875384,-0.5091898301117628,15.205111809827317,117.16269377334882,0
0.13522564739042053,2049.475871838413,0.5540362197145243,7.63381660235098,1217.125961795655,0
0.045744649528933,1573.3148155588856,2.326192136314278,5.299646502887623,642.9279320774402,0
0.2847041829024457,2212.513275346725,0.3088505583037643,20.48122443099066,437.22176859517623,0
0.12021122158230793,1518.7007493378699,0.9701776318087014,18.588992261358527,3385.0863798339024,0
0.12066049904018264,668.9937818424278,-0.5963920497834372,9.877707781187219,4000.933339564647,0
0.23264354147979596,1179.8848918812885,-0.9958919258744972,12.359916319653259,1728.5731105554955,0
0.22793751565574083,462.6990131038699,-0.8725960302136638,24.121228314801286,3510.187871608266,0
0.20817015559040827,229.3878067542812,-2.3555953543860637,12.750382762385179,68.04409178190711,0
0.15997335151378092,1395.957909138369,-1.569438894054258,12.01553509324304,3206.900677275062,0
0.21225855030698396,2839.5586287876386,1.5702508736118699,23.01515962951386,2000.975197154737,0
0.12190419058945348,3217.6030675608936,-0.06308895268360971,12.947908104227505,1079.9029036244276,0
0.37739358518775873,1037.2372074058594,-0.010802389433337011,7.895340990627493,1890.9682667030563,0
0.09341240465400912,628.1740043440344,1.5561042383855315,5.712795836433238,2117.4667401328807,0
0.5982174387705478,356.10101445734864,-0.33688092339515835,9.159470060102917,412.5259976765213,0
0.2956667489719838,520.9256315780931,0.27557289896254566,12.435298992579412,3131.0337372524373,0
0.07259031264362173,214.9420355523485,-1.0456915008895566,19.85538652244456,408.035834103021,0
0.17912938397307687,489.7182442080342,-0.9509891188661246,9.377891479655005,1019.230999655833,0
0.18383949009770964,226.71274810756375,0.18034774675536697,2.2357664662499532,860.7363741523792,0
0.8432175347572889,16.850542300113684,3.564491073929152,81.81318996288114,167.9236577658648,1
0.7539329098433682,23.654448574688377,2.9667728793905632,109.1538541217391,118.56863105886387,1
0.65,16.482050110162337,2.766971564729555,147.64691550077072,122.25263327621333,1
0.1428753844150925,1363.6394904226856,-1.3744939746410305,2.692942634702546,2323.101770075353,0
0.12550816888175934,403.62933627275817,2.211202574256224,29.015405145429952,356.9007843293678,0
0.08483400726173401,719.1181416064051,-0.5418440893798766,1.647788630493957,2593.9225190136353,0
0.27424468069200075,867.3054209489844,-0.6741990181979842,7.3044916914325295,63.93540356593402,0
0.21156787001515115,751.6693769014312,-0.3726711627863816,15.349760772376985,1843.1915450083661,0
0.17260487490346899,1892.1726137584917,-1.2559458554352658,17.041429863410627,919.5245112009321,0
0.9536493684227254,28.907818783431587,3.2181617687358655,98.87280801028038,258.98374363849734,1
0.43757897809652174,954.6869412204222,0.40030340649868873,18.597151561722,2230.1466503666315,0
0.14502710007031294,961.9569459779196,0.621572772419417,4.868880257237786,1049.1170769702107,0
0.529395480954198,1752.9584033582223,-0.38153931645012157,7.89764254092813,1296.30822390274,0
0.26982475955005575,649.388506768511,-1.4989723460483098,9.434227932091666,752.0950140180425,0
0.3148228609695208,1221.0202981284483,-1.1470439041987308,2.8330172697842464,3072.3033725015734,0
0.11414458411928363,930.2529764270541,1.1098307622400312,3.8422364348696356,689.7100352594879,0
0.07725379050403726,785.0208934795005,-0.9641180390183223,7.887909693007036,3468.784513526441,0
0.3488249157166003,1655.6974001172182,-0.7877988886266734,3.6121484797267245,94.22731997590643,0
0.2350638334670965,478.96844919316226,1.8393755662272286,11.858543062498764,883.9000908816315,0
0.7221973213528661,19.629605646944576,4.4744236889183275,62.84708276404805,48.18264314378879,1
0.23857341322390888,313.53508860112186,0.2676992005090977,13.986331537907654,1248.3954837530648,0
0.9167027674735193,30.894875625150117,3.813063820780031,76.51941470963409,84.18825508392193,1
0.4166601933597754,195.61671473476946,0.08388434784458265,11.133638753754918,708.4711547723379,0
0.34922595798755657,458.883557480111,0.73195872931211,5.770837076415356,1422.2419929437895,0
0.12754823166446957,632.3582832959804,-0.1289082760674993,10.627582392049508,1429.1142454589183,0
0.65,30.57104276518957,3.117586839943035,79.67388577519795,152.517938809262,1
0.10034775456308576,1839.014005143932,-0.24073954115370055,16.423217206000672,1296.4658893813894,0
0.23907165796735969,758.5325499520578,-0.029054636225450865,11.008912560347897,1491.987647718648,0
0.29151129082429583,644.8356439633648,0.7859849751333333,7.944866211755272,1777.4547467619407,0
0.7142010374464556,16.484459937888126,1.4916872261695295,40.0,141.8827596483208,1
0.12570029426633034,1471.8436872996763,0.787669309614295,12.249627635031782,50.0,0
0.0737774498878547,487.5117110612193,0.2806148769517333,9.260869038798871,1436.5690225243275,0
0.19938650051237047,1105.8889548137515,0.2116987594698118,16.125091370076234,1210.88400161795,0
0.8340486478032629,26.56961235685861,4.892671193667744,134.36983918343864,82.61165485435106,1
0.09934462140465694,215.0576295736875,1.1576751602807274,7.154309938323749,82.01547240757071,0
0.13288201716820328,247.61344045159618,2.325911716715314,6.314991887622556,658.3568400586623,0
0.39740900075505464,194.33938641770834,0.8277869486931466,5.662033184785118,4868.376238524887,0
0.9244118584986044,28.74859030541133,6.123263439912337,95.67441002611258,217.87806837405185,1
0.9880205399819775,20.64498945216769,3.3677957464777784,105.87413433352502,131.63546915012074,1
0.35441101520150914,5000.0,-0.8082684434326929,5.674410427291697,1500.3624380629315,0
0.1299682697793036,608.9051324267872,0.012552723110285054,12.40466931116675,292.567487554887,0
0.33273636798380235,1156.3522058148362,0.2073389696128186,3.075237653960496,720.6077869286459,0
0.11340665430296108,326.40622383336387,-0.09388850588850835,7.723474022146698,140.64290292626382,0
0.3494274516550611,1163.9886124989157,-0.8497008091001859,15.621500176711365,3422.9754465903106,0
0.07632375842041876,730.619351304766,-0.20194863160551413,6.8356257540012,289.2733932492377,0
0.14800210654761123,665.3181186658182,0.10045927083289502,19.50038345045204,453.93591229746664,0
0.1043416883007712,4122.986463519145,-0.5395396433762586,20.569107791780343,4474.430211855354,0
0.65,19.750930400668683,3.1074973591467265,45.31150267616353,126.89115318482891,1
0.9677696894490021,32.21073475126086,3.6391912199749057,108.06746396382306,153.3501070321176,1
0.1556157190694676,2452.4343810198484,0.7490299911165732,11.621566480537929,258.82983385328953,0
0.34050859772553177,644.7184987078649,-0.19642892200617093,27.96570258644976,3102.4595673597364,0
0.01,932.7625184712126,0.39693032800561595,4.298069506420118,1081.809825349609,0
0.08324853271210159,111.90542370385518,0.04147253635172418,22.01264951535172,1316.7731829559536,0
0.2071394146088527,627.8006640334218,2.274185030318401,16.971362898063752,242.3844766991766,0
0.11144685396068929,740.0233304061073,-0.5079742372415168,5.442851578348577,358.97479502247904,0
0.025026621813094972,1016.835363526003,0.8824611500658068,7.189645299718595,160.6179593827168,0
0.3569126395541912,156.7316015710289,-0.07636449943171635,24.802500917068542,929.6534262244164,0
0.3172889410833567,425.61296487651435,0.5569161527640661,8.994951420870283,1183.7567801380053,0
0.05977949766398157,345.9003189512716,-0.20510600519999317,19.54630146246688,186.67379386517874,0
0.10109558781279031,666.8923426454847,0.29803971486691816,10.928497779663033,1105.1872416158567,0
0.9048169930932165,29.146569170661767,2.506671176622931,101.16747652138253,131.0246723919037,1
0.15574844324826492,344.1016084893531,-1.8944461479171393,2.4819213269209293,996.8182450671084,0
0.19621610159261413,1232.0093964889559,0.7945397181593544,17.647736237944088,1621.7815132090368,0
0.29315190373603206,1990.6699003111917,-1.2413641835805693,11.31805216199017,232.0634643205906,0
0.07487486843251723,1583.1518727214338,0.33639626562887337,24.89732833668539,854.0371101201823,0
0.28501578452558224,308.00154652337255,-0.4905225030926728,11.042157719295696,2079.8622542410094,0
0.4174921501090718,134.74145823018262,0.0728834797113227,46.44308090637788,882.0090188853505,0
0.2964496306183281,290.3268107050939,-0.23461803852089771,8.354778946637106,50.0,0
0.7926961665724989,13.5037815358657,1.1041489524378891,67.99016241490068,86.23354278357077,1
0.32167136862703316,389.41811555508804,1.384906937645251,9.73200153161807,1090.6258267953754,0
0.45851619186495846,468.484784000231,0.6688109004773214,7.873088633805949,4080.609896594039,0
0.7349257695748234,12.906824558322297,3.2594129994934704,81.28546363540497,8.739783709259152,1
0.6708667624956514,25.27740904535368,2.2857569136386515,120.17083809559124,242.84590135142315,1
0.7336359412143498,48.36732906395628,3.6852141517598733,60.97178947849737,17.79419645512586,1
0.8783871745568351,41.93358612067194,5.083728256358567,109.1250778040804,87.78002629486667,1
0.19372896479182264,82.71236688592155,0.022930350567612473,17.130018236773083,1112.1564250215786,0
0.1792836304796501,251.96310308764498,-0.4874767187206597,13.39796609630331,50.0,0
0.15350264453763923,308.98411259092967,0.34390756249012705,9.690321636306619,3776.1564956268053,0
0.13059890142528968,1784.1440226464479,-0.9151746903733177,10.733492516491708,4402.069727010206,0
0.1659381340634445,1347.16560435713,-0.1909527628715059,3.246086557542455,2951.2943251278807,0
0.2719482994092249,252.46325966226433,0.10909804445198702,13.011371136609172,6246.362829754754,0
0.8990258291684711,22.491475105145117,4.98553604199589,114.81143378804782,273.9817702846184,1
0.11786956039810974,1898.369577980537,0.18946390813652483,13.561285144019955,1916.0184147252955,0
0.19046889692497532,1938.9349652453898,-1.7195360908657837,16.833407733399216,844.9746538908773,0
0.31626333508388804,2890.3675875173935,-1.4542927965190087,17.76735563349386,209.80392478450815,0
0.08288382957491874,749.8417309253989,-0.9245997419342306,10.38962617147068,419.75648877427795,0
0.21257335998075558,2715.5030253932496,-0.6776217153899684,10.440557595608645,486.1893683528057,0
0.36901985112934493,422.77769180296445,0.24988022632679388,13.599975699236277,83.44877176323529,0
0.8062265156358996,52.08373945252493,1.8623204199231684,110.3495382031929,34.771667501652985,1
0.65,17.270384728274458,3.655749103267485,109.62242916657245,218.05038859703672,1
0.9734653702498394,14.892136880337667,4.166646442468976,110.31421503731826,87.67645925892096,1
0.1932150808420957,1004.5270605932243,0.6230857335158502,10.897383510240147,1337.8656378777541,0
0.1999735284505481,551.3240739417827,0.15626443153821068,17.711574041612188,2443.271355377546,0
0.13590742958844698,1646.1752484937435,0.05597025357875674,15.984871214504999,2669.3872052858555,0
0.0848425605926219,329.2186834155811,1.1986514731331785,9.060474550495634,724.4733921928014,0
0.19203502063602926,723.348129186335,0.262908202633016,15.800290661401585,1719.6573879176817,0
0.03793070593396728,391.4696068541282,0.09694858092372802,8.676712470046766,1259.0217132527166,0
0.06973194830359049,467.19068422186166,-1.0663335718791513,5.442351532119654,378.9979330863626,0
0.1728160436468867,4574.568201304097,1.857127352943106,8.31033562522506,1443.9707994613034,0
0.10141206695463519,514.521632171376,0.4992006591385695,15.732267924407253,311.1559834119316,0
0.7737248092752762,57.661271791487856,4.896991611089805,111.15287674934301,28.87843857008369,1
0.2914201305376195,254.00260846260457,-0.31114943047935617,12.845261073065645,678.468140866689,0
0.2294633333608487,1349.170287657525,1.0784225264225882,5.685656545287795,458.7713629179822,0
0.1063662610068989,292.3110374259236,1.3331162889252157,10.855222183057311,5274.675021698744,0
0.38776936042978083,363.527254966864,-1.8932123032208052,14.306094083452042,60.09781077550156,0
0.10763622872455764,509.26091672769047,-1.828628410337405,22.149172117408114,1989.7088254979415,0
0.764135596175048,14.832032957120486,4.083372161932968,104.37238802125681,63.43512423554947,1
0.1490431184161814,308.48617058108914,-0.429217452272037,9.782358846177477,2148.3432192000655,0
0.17457033883238962,736.4207482730736,1.5396590729699147,7.435533631508393,6384.017203796846,0
0.07176210134488252,458.27129823834866,0.47654630923866603,17.74075437383741,2517.9513471947953,0
0.5654130123662124,940.094050868816,-0.8409205668602298,28.46215240610649,1953.1272150703403,0
0.7693911647358066,11.062923429662003,5.225687824112665,42.73158367851593,273.69825435064524,1
0.07176175686991981,538.7753316635184,-0.3592066916521446,8.251605409495077,2321.2105366107567,0
0.1440881139473747,575.8922396293073,0.0989812226027311,21.71950598586483,1302.9787677568124,0
0.11107439525506783,235.4439287640924,0.6951424275179644,8.28864497947056,244.49171199344312,0
0.049707931382895566,929.4054580276918,1.0700736103704593,8.985689155892448,50.0,0
0.9527686673483821,12.473125561538957,2.7305945499663586,113.29461542297852,170.21937243112563,1
0.203642475064398,1719.0024521624778,0.5719074656654372,17.94654091262716,1363.506276735319,0
0.1519897564978777,641.1677509877436,0.29988908474059767,15.847151904503173,2638.7426835093897,0
0.2643894326000277,1065.134128545997,-1.3168186166275062,6.412889390293161,5884.11102303788,0
0.20242989826055596,131.1929348639113,-1.7048651341375245,9.671968249306733,1830.3179007776869,0
0.30787742182359507,663.5976739572018,-1.6292828029141895,10.214560204632226,3907.2684296064995,0
0.4201616483759562,1155.4811647881536,0.6318625177240305,31.241530003296923,108.7978294069362,0
0.2989934945311408,270.03762841608085,0.667376243833423,12.947694134660019,210.45589685422422,0
0.18929570540443538,508.6184043663781,-0.23846743733888845,5.617348277306943,2838.8938275233913,0
0.08171694336698174,1028.3819438670923,0.8801603840675414,6.824033827938853,1441.7613092475315,0
0.17458237481586023,573.0123079021225,-0.148472068406966,12.811427460438106,1193.0423869110923,0
0.40729697136422693,917.2670248760819,1.091890528894662,8.759601515961592,427.25750827999013,0
0.25807582164157306,384.4450574710868,-1.3296293935591537,7.298050162405655,460.4660676554208,0
0.1858237425862151,1212.6459483518045,-0.6858276808067391,4.241024821500605,979.0039797252884,0
0.24199091820668986,2222.663982648703,0.041230965258877435,6.560594467869349,410.7701493925137,0
0.1283935139587208,267.88100266262796,-0.07949637569485415,7.679907594453597,607.018864381922,0
0.42460692829202534,120.1566395474867,0.036201970662628064,21.324886343707078,574.6041586745707,0
0.8654884005121041,8.23490855407254,1.2328678701833724,82.05612029068357,217.66517354302093,1
0.12611813770127991,285.27177378781096,0.09711041042316314,10.08797731252695,97.6736059378784,0
0.18081553909610534,1391.937250899238,-0.3076647991835818,7.736603069818721,712.9554112585532,0
0.9646772668667813,9.952382252067244,4.315631723177048,40.0,124.9953854827574,1
0.25843982608290633,373.6358671429265,1.2236648203519753,18.575089331479017,1664.1279331665653,0
0.6862015914049099,69.63367536211945,2.6898823625169044,62.882684111222524,74.93843449065261,1
0.10592546832342342,495.49611290026127,-0.061467411188287,15.340358886619317,2434.018969238713,0
0.015764029988367085,785.8251321456171,-1.2873021984803101,9.849508489782753,458.96279373651174,0
0.05422677319360345,448.51637814292474,0.34336900573481693,10.76231949762148,686.0813100277203,0
0.19327997588826648,4310.446453180113,1.5132187214493837,17.338409471906754,295.2970113083472,0
0.3978454192026738,1391.25929914498,-0.3667051821450773,6.469587956377098,626.5417878273593,0
0.34494110516084764,471.4664765219359,-3.0828051429488132,7.684446667068254,432.790382018117,0
0.28205409883111626,844.48559722338,0.7724101479101136,16.013273229643254,1275.1700458024086,0
0.10244623361671581,175.18001170179127,-0.3164710426498841,13.563057689750238,180.02117277141005,0
0.20045622975234909,404.0638395096739,-0.563730553179261,18.69720984671333,1191.642772695496,0
0.12889470662782607,1124.9645567063526,-0.015403937050684434,22.740353333541695,2270.090258139966,0
0.14824272537378597,419.81986561896184,-0.010025851986780639,12.096191442824168,1016.1379071123489,0
0.16970379425751136,1403.514943908399,-0.038755010022321526,10.164324547936317,1600.3208564248537,0
0.19473715080857076,1045.3451870675053,8.903096363832074e-05,3.08768266286346,85.33059557080452,0
0.21728237778971246,563.102942077031,-2.6301333566585083,4.103640134715064,3421.244580446807,0
0.11538225109037907,1848.3732690732356,-0.06253919575474984,13.425931487121078,5191.249753110352,0
0.7633735507991977,40.56784043802793,3.77746233035879,106.84868976327468,277.2387020739993,1
0.09364180574647096,1881.7974364809152,-0.2593992605024914,6.734525470136626,665.2603428592569,0
0.30134916635767295,569.6658533158768,1.2716851966347333,13.250547547643603,544.5701565333577,0
0.65,13.537676061264044,2.942824714952676,91.76091403481627,53.80655159467225,1
0.11945885885724511,265.96909857971076,1.1893246485533984,4.118778409970181,2441.488713880081,0
0.10775715716276184,1133.5023198749386,-2.0985217749066836,10.81693899273463,357.16874193008607,0
0.754232514767253,23.338285892700913,4.206891903019612,123.59968536046297,219.8364622782019,1
0.06150720406271427,517.260210609282,-0.7387191368544488,11.89481767835386,722.6385676854854,0
0.356105040716209,958.7706887635151,-1.7567338533628292,7.589568334702961,3769.2754798893775,0
0.2007388772160837,1490.7503032044044,1.029429576063878,3.42044348876185,964.0969001048438,0
0.8199449656048193,21.747935550479603,0.9963599870144386,134.01046493936732,80.48409748767253,1
0.65,31.93141768066266,2.4912690500153754,86.75348792224355,24.974262885057804,1
0.03002920953568122,620.0831996585196,0.30167471880971813,23.528397931909034,2610.1879418698836,0
0.21876673833642019,3245.454768768372,-0.7613586332573764,10.13859119905082,1098.0941463887332,0
0.65,80.03610168339743,2.404164276337742,130.82773327565218,77.11038576951978,1
0.1350945877067326,178.25463192896976,-0.41106947288681817,27.87521485057411,627.4774010362148,0
0.053860492463281624,504.57087271953776,0.4255902503682677,6.750079286205634,394.51922918253126,0
0.20535194627836748,234.16855320179005,0.9475895674145403,16.451529462433182,1043.4230402967098,0
0.38191936490487066,471.4182150217268,-0.32902869680333263,9.162110107351891,1746.6210527234118,0
0.3207999866021347,2795.1761942937933,-0.23510914840814795,20.601684035593138,688.9742974634084,0
0.04879218893316722,574.8512045178187,0.8531761582840144,14.71410626274918,1146.095479958813,0
0.08284178114735367,1483.8532346616612,0.5201122324227964,9.215312916827628,2615.8721787404806,0
0.65,20.088208573787796,4.2793769599279186,109.75373273076907,16.29891552296043,1
0.9198391786480099,28.932999264265977,1.8810291373239476,106.19213093759575,30.265489516113796,1
0.20506285590933482,1199.1486218990058,0.6425748499394539,14.364975062096507,142.6469723546931,0
0.23522347186797457,1051.7518723948922,0.792970884978393,16.23046511639805,4183.687059031925,0
0.022450033868386253,576.8294964125893,1.664942851172679,4.886507783692163,2306.645842598441,0
0.17706391949076064,208.7808842920632,0.5747147271159924,3.620599421524908,178.32090791764668,0
0.13469527635341802,493.638091181117,-1.208274239426054,3.7574609062092756,917.2178598868369,0
0.24695997550276955,669.4645736404117,-0.18245961021197618,7.321781411643601,235.27369709121626,0
0.18558530694468886,1017.3327750319872,-1.0182267636010525,6.490022956704217,1012.7860230992344,0
0.11936057708604102,224.1893181483611,0.10918772630536258,42.19372237298385,1288.640746154873,0
0.06101669513383919,533.9276103364487,-0.3946749051389369,10.615957695844312,111.56522773874731,0
0.2972891518001696,199.60009045704186,0.4229807383568256,10.59061664978885,1124.6329349890473,0
0.017636975100563872,2039.3327658185233,1.0540086400609254,24.470041985420004,1376.4877373599534,0
0.09429357946075165,1912.953699352155,0.6829467931383254,22.285954138548448,743.8511122583469,0
0.2170731662295958,708.7643148495409,1.0449712989467017,11.853079987669485,761.892813446069,0
0.17396836728115359,273.22009390019286,0.7157023406590477,16.273117041128064,2890.9974073486273,0
0.9869882289814321,29.668142070488347,4.058559712803854,168.2490542920574,110.44599338994509,1
0.22910754448601503,252.99659857443234,-0.21094072655430532,13.668490298539353,362.05978516571304,0
0.7892773239476327,24.42579295742017,2.6501374895046217,40.0,41.59726548751601,1
0.4367015084873048,941.8350009165969,0.3494512232841407,13.944399835765054,50.0,0
0.23844946068116346,996.2966722727848,-2.8748159331220426,10.608260859087245,320.1478226520577,0
0.23995645601446844,316.00558449666187,1.2485657807574058,24.77993974441812,671.3557409541365,0
0.0998681851433615,537.3943015051543,-1.1349400338027669,8.987222429091407,162.99521057459063,0
0.18238238496359704,385.18624879944855,1.0866948134347965,16.258478321335105,550.0612801644245,0
0.41760611518203095,457.89924087375283,0.06063689759028058,5.11024144729781,1451.610677908767,0
0.1139322258372083,1808.5629517640975,-0.9975824103098268,2.608852872790307,817.7401511219846,0
0.9005466956249422,14.037071301966188,3.245899915715671,96.60701258702082,10.892070904607495,1
0.905642240228039,40.857933816736335,3.218500281663422,94.42181037909303,243.39661942345683,1
0.7110540760028777,28.3861642472256,3.665665256313403,126.66618993022485,50.688177071324475,1
0.19189111893452443,280.14233132820965,0.43858942553963837,17.21857537104613,963.2099411653253,0
0.7815447944989102,32.232702661246506,4.484755816649592,118.7701143197058,73.73818140357459,1
0.10016780958173821,435.00052399685023,-0.5962587170247173,11.435444977150002,294.8961114133894,0
0.10589816881207792,3421.8110993017694,2.0503075789780114,12.766106373876937,670.8155132631146,0
0.08063276536484337,446.02010534597486,-0.16512256333928968,1.7893329278419068,59.32030508741032,0
0.04676337170577854,515.5610578738367,0.8163759419506144,16.7250501523597,635.207954158071,0
0.06508490847118233,567.8520411500463,0.7767022337097781,9.606470179107754,1043.6368583594806,0
0.35931256646642434,338.6764821498459,1.7705676090369815,9.421165704511266,126.17943452636341,0
0.1086036266768869,569.1772053623778,0.10029606430660626,2.901548985016123,1207.1423984554388,0
0.10255737596079918,422.0079331113239,0.5262186479523238,3.341902993585947,530.5973377614347,0
0.17892695713584256,912.6592681250422,1.4107034031886563,14.571547632149896,426.562097369399,0
0.697216347527668,27.80501578094294,3.543153104395707,47.57560787369971,201.43276256474522,1
0.11630996121501534,625.8764602361337,-1.325110387123759,4.894081200825023,133.23804120009515,0
0.11050905534630387,1059.4359761958913,-0.305646882846368,21.448981856296136,1166.899393410381,0
0.9082715077964264,34.64411190619156,4.323052000104369,45.16420158658679,5.0,1
0.19343712338715854,304.444708959334,-0.016047624083348175,5.808465347061704,4114.469405248405,0
0.8848003449599187,14.320602732043191,4.26205395851826,75.92124217611253,17.604413127920484,1
0.2228479607583355,2545.1261308486155,0.7021418523041564,12.746999269889587,248.74355579883226,0
0.03535510073382734,221.38281757689919,-1.4197173831764305,1.4751848346969365,833.6429642365019,0
0.20434108378910668,788.3114259588044,0.8145038214514995,9.295819992594982,1472.4475940020507,0
0.08927823176504364,366.7735507426176,-0.30012398679624325,26.288621292077323,1225.334832428779,0
0.7039440492972489,40.35839306895459,4.514245654774146,124.25765786656002,287.19896171835154,1
0.22488536297871434,861.0401621110572,-0.6921973865199604,10.278576935851504,2468.0524124504977,0
0.15507625571886993,801.3561042054197,-1.7263832352207857,15.440575378190896,83.80091026452928,0
0.16906572577697618,771.4201866399819,0.026567611357547892,10.084727944773253,464.5324587213865,0
0.07260100436823073,931.1176233705182,0.8219377982456677,21.155584467697103,299.79332959235774,0
0.8540307516437985,25.949928858207723,3.553842070193743,69.33438035492375,5.0,1
0.10276056253373501,172.85078508622254,0.31353958160566875,11.320715932541704,1075.8705384654252,0
0.4216776730078212,1092.5624547579282,1.1250534896876154,6.871801439610429,4130.7043640861275,0
0.08879927597471765,648.5693741220173,-0.47149102150175687,20.56815304762209,1327.4873896012243,0
0.24092908571607718,565.5154573144496,0.5764741398308774,11.228532854517775,3745.5628511629025,0
0.0852579207112869,738.0714249960746,-0.7917368066597202,4.912844050963722,340.10606052656146,0
0.2879499675705257,416.4761505371281,0.5243681636108437,18.29404029901591,168.0634561521293,0
0.11491649340237392,359.0500312738299,0.31237328692007543,11.373375328969892,674.8974485230942,0
0.12079900033368432,148.53813910910836,-2.0081478058002147,14.310930219638308,592.4389957794223,0
0.156303062555797,684.1111904251907,0.501643299027259,24.294462983621976,688.6521206956847,0
0.3697759435379725,137.81175264557135,-0.3735239487726898,16.79839143941799,387.98125559519957,0
0.09275717761185984,969.4060802117534,-1.604092001688563,20.672197335397833,1025.0608940290197,0
0.15932364628168744,461.07877646289114,-0.4180508640569697,13.707650438021542,2145.1601416547755,0
0.5280752962914667,513.1756581250897,0.6701106948721014,17.27131007053167,1266.8552859079614,0
0.1827996247400672,598.9138203551043,0.31884304014045534,11.914202380278548,3285.6172030402995,0
0.65,21.663094632614126,3.6315682329887995,43.615448347232274,10.938131987651158,1
0.6,1190.4295959452365,0.14699940846258552,28.75006213482351,209.17466254308124,0
0.10489690059170091,282.30043004543467,-0.45665898139238964,8.54347355206109,58.894531465012584,0
0.11761170773721517,834.3607839538522,0.06307567350495229,7.848664178241056,1228.5203192351364,0
0.15618377596041,526.1356331924837,1.1652163820753614,4.41687462221714,164.2707778960962,0
0.7127370362196664,22.396035943579953,5.040584675399464,124.41931127111522,20.47986736592016,1
0.19943366426208856,383.65894212939077,1.3805421907728432,20.90673517858297,247.29062593424828,0
0.3518093667214484,380.3472469827391,-1.2488213317860835,13.1807628373507,1690.980954674193,0
0.9707117416415502,37.77083333324049,3.438388746757248,151.4056133335375,37.76106194303201,1
0.25865158026119306,847.5020105661478,-1.292870229010749,15.27050785062928,2337.565233749643,0
0.23803906461084887,428.69193422128217,-0.5393401125416265,5.184587998174344,612.2775698281278,0
0.2083157645172333,714.1846171476238,1.343127221733895,12.303527808647413,263.09748376926683,0
0.20086294624873524,1263.6730947985127,-0.8223046804564419,22.488158244985787,3100.9701457987944,0
0.23800736951799512,236.03220522539576,0.7946258123139927,5.91577648472609,149.52537440078302,0
0.12685190046294784,684.6872135391862,1.1040238857816786,11.810734306677755,1158.5626317303108,0
0.9640106206036391,15.978336010023721,2.970785221587885,74.82536795188662,5.0,1
0.7795837074620685,19.617161743797826,4.763297897454359,79.55014268813515,27.970199443668367,1
0.7157242718479712,24.63463787690021,3.5651115359597987,88.39531083045001,200.47224692772838,1
0.2455303663565604,461.6864846813115,0.06407383892037402,20.325393693163548,1404.5491544972683,0
0.5478192906613787,2133.1415554010373,1.9544909119614478,8.643671279690881,784.7009125798386,0
0.04836706407883637,560.3292125572967,-0.8661864131319914,8.838497499008977,1288.1496996715637,0
0.29996584020542727,2006.0647387483896,0.3923337524143584,14.718802815436447,2278.7302486415197,0
0.2470019648189485,1718.9971700842618,0.21692868541698562,7.97742930372805,735.8253036576109,0
0.10149156814968797,418.86648102503256,1.3891993058653744,12.460741670660932,2740.5422124089932,0
0.08960029092199187,2470.6245418301683,-0.4002866301815139,30.262375261116773,1124.1624620835946,0
0.25745357499177524,3227.5409850166507,-2.270890892900242,6.978083538007853,1688.1245190373184,0
0.07607831761562837,151.17596934794636,0.4081300829757099,21.269780636592607,357.61923379224885,0
0.300425211779927,1667.9698548715976,0.9040889598937201,10.54044245664245,271.93328983065874,0
0.22634581036259777,2335.502982303771,0.5776756288669925,15.304094758553768,2814.8508670140427,0
0.10933211019719069,253.25613711929603,-0.410559913834402,17.9365754457442,2709.842471570917,0
0.01,1784.7476760219347,1.0414090077269296,9.53909305775592,2784.831770874368,0
0.1470014650561814,1273.000899739365,-0.027577313603318894,16.524688762851277,67.0933335818437,0
0.17661051341360895,242.1113890890707,-1.3592765464060126,14.447382588783817,2752.287134051315,0
0.17432443002710285,1615.1134136561038,3.1989419097831964,17.608619900244886,720.6999421351121,0
0.27938320971788316,375.36063501528605,-1.0202239067705932,6.550564804778936,370.7183336563627,0
0.3528860025129336,1027.7484956784335,0.4200127636721649,7.8117755531761315,760.875751476713,0
0.1843559810908295,2034.2092551918693,0.720443979592958,13.648739892797039,317.10124193378374,0
0.30978409233293436,2431.0654853386677,0.28265879022990076,12.57893656227758,3759.3132013246495,0
0.14832683407471292,394.7758370078983,-1.6100327939410817,17.78688581946938,667.5030456564375,0
0.03148981241808263,588.3846893856852,-1.4820394794361849,7.6559111540509885,257.84659210529526,0
0.12424155210467636,1070.7626227585456,0.46767837730710793,6.996568293391547,608.5012106328562,0
0.23460182787749498,1489.1221861138374,-0.21587979872792037,7.784301855491101,1702.1215434103026,0
0.1291172830146182,2894.738054135484,0.010816519422534776,10.676336849410223,1285.456247029124,0
0.17985078119519607,891.8045933582666,-1.001738743272026,10.054197841603198,50.0,0
0.2821122094742538,358.29720200323555,0.7294263339321729,7.264503408822187,2312.4564392734483,0
0.22488151934933776,1025.652907455857,0.5509822859456703,11.384912393405244,1604.7207098285326,0
0.3623096311229451,510.3924068767481,0.1164369305835328,17.801876835380696,163.3236468530883,0
0.02618888133818162,1604.6908155253805,-0.7550030226998042,4.399555947143885,518.0659372969673,0
0.8847392690904823,65.26713758015305,4.967741091517125,147.69487649415902,147.06292278247145,1
0.1156318021452186,3370.8380432032827,-0.15920093562703552,7.276406399645709,2431.6015630960756,0
0.3548587399923365,511.3128798995645,-1.4665969654870044,4.859012672131593,279.0152770407012,0
0.21868275991863115,990.3541631946257,-0.6860468571594233,1.8504208563752977,245.726615908053,0
0.2062274389335121,887.8809850450627,0.31883088437087354,18.576868369171585,368.30668664186214,0
0.18619654180751324,784.8446921554265,-0.9519244159938243,33.44646824667241,955.3278227191382,0
0.37633388195321954,960.8283332503416,-1.916721607006629,5.087547532986429,390.94685007456195,0
0.8764264514353349,52.58368387113515,2.6518462296461887,114.8990918511011,103.23042584475715,1
0.057521588414221454,776.6327387372156,0.8021676314402391,11.04618439663087,128.31182600254755,0
0.22983176991079926,1679.8096414638042,-0.9283557908236156,7.43342135717983,803.1695862703359,0
0.15581384344982457,554.7192074331796,1.5293534541068148,23.35332917398302,468.52771896483966,0
0.055144526164834035,268.4715873600016,-0.2132795956797711,22.956481069316148,1778.4163291447962,0
0.1443705712067552,2630.8858763120325,-0.24866689210736065,11.43835253375393,1145.1529302278684,0
0.10818169728136995,812.8873149379797,0.847759489577688,16.346334972942948,389.5887596471982,0
0.8005725857193078,20.846071674795407,2.198548825536838,52.64867812761902,343.3333551467937,1
0.34264410188836353,443.8602842991485,-1.9704332038034176,14.677468347906238,551.3403984018685,0
0.20408739629470476,301.5159638612249,-0.5564141473791021,18.438634587822406,3307.434630439446,0
0.0877516390798916,1713.3056097560097,1.0551187315982191,7.518393426366741,104.28112159701645,0
0.19549310703515937,487.73454818858966,0.841416382134366,10.778622181392933,5486.899303916817,0
0.7008173936053118,21.582758712228166,3.7613011073083875,96.32593295524725,23.59016496192867,1
0.4135814221350584,1048.7026979453615,0.937791538525052,5.780888115405666,709.3536593584402,0
0.8148669859820634,13.770186163591877,3.2973344716622264,80.59342333436302,29.481115586829965,1
0.98265201100355,64.11628437976567,4.353852414708532,97.60499837884245,114.41731052718059,1
0.1774584263760508,2081.0677427888522,0.4638832997023938,7.360384709958492,221.7174503495864,0
0.2448648372778589,345.3149222289906,-2.41361232850807,8.97693307886476,397.83060924679745,0
0.18774227920972866,279.74504105830766,-0.5083963873668058,10.288438355015035,208.14693994727372,0
0.1808709352158759,5000.0,-0.8811812094861174,21.512003692968477,108.19024194570132,0
0.34151368484082173,1706.1069257007823,1.0140891247097645,13.701009799901534,1837.3491510075714,0
0.06042263578432755,674.6845829815335,0.29043551568354414,19.206568979286057,57.153337231491946,0
0.24279939684606877,425.41646993464997,0.4497651593677976,7.061141945708108,1165.0973567856897,0
0.09090613434912874,409.22549272944724,-1.004886908319843,11.832149690946638,828.4298765991633,0
0.1289487219557556,1552.844267993603,1.5424818668441505,8.456051545073061,315.10717115365634,0
0.65,25.630301986462776,4.122679410799378,50.81090529042909,49.34756172898627,1
0.8981172405093117,15.723683748854079,1.4716605055954568,40.0,94.14065879741784,1
0.11006875898721655,530.3390651037844,-0.4237234673649248,9.668944891726039,569.5794265068002,0
0.8239226714617037,40.75804083444941,2.0649666559584237,67.6768805444606,38.7994881140287,1
0.12494049247454427,632.3071398467162,-1.7811390002261778,35.50197793694773,2147.183183267116,0
0.10870802136456358,739.1980194906425,0.51607607633905,10.298856461608093,280.4851943257021,0
0.7115687902437564,17.48649887703468,1.25164190213076,89.77016777108318,98.3808186162051,1
0.07705665487237928,448.22333560558525,-1.5499248391153742,22.235246206523513,2599.5157532535436,0
0.22656892924745511,709.6275015111887,-0.46956651097237645,8.75660777699528,787.6459586064192,0
0.8238412069581917,28.7385144085696,3.2666344264053193,130.31213286292987,208.23369947049835,1
0.7399008897806658,76.12281054471143,3.318677266595671,82.30391879359529,118.92327976957705,1
0.3180452321890444,721.1232831133569,0.5759116679131766,1.8457256236605697,4832.589159775624,0
0.13040470980745397,628.6487197459458,1.0301655084853936,9.752552640369721,1938.1942796234944,0
0.17720620652268004,437.95094772389115,0.2398894801181584,14.675099666243911,1474.031908695333,0
0.17899813687380903,923.9449309804024,0.5298905495999142,6.286874671385616,1317.6205936416818,0
0.8369047347902205,31.353244165918827,4.63866872559579,61.22715840705839,28.375267514520914,1
0.2633453221123721,171.43311667655234,0.32345849510937236,6.743191046531944,2205.5280412964353,0
0.7685801493195787,26.370752751426913,3.463120648266951,136.08029315369387,5.316080834102098,1
0.65,13.95746747231143,3.2351061540352264,53.312483439264156,81.40722589447378,1
0.15336029820774172,884.2711480783363,-0.8307803299935937,15.343590376247615,2597.6327977314486,0
0.10866458790637024,604.5323268806299,-1.4544615344029694,2.894501431447186,1116.4913235963925,0
0.5688811918242161,776.9699867444001,-0.11744787527233685,20.197775866343754,1021.0084154484013,0
0.26660562082594447,525.276229304127,-1.0080149366036986,16.810472518816482,253.1755122770194,0
0.65,36.04199770966498,3.2953713052420786,110.62336568043243,145.13397086370793,1
0.07472183610099714,681.336072731746,-0.37474388630634403,4.760133910506734,50.0,0
0.65,9.081321154321756,4.206510316951422,200.0,72.88075340856945,1
0.08224759191254279,732.5768743790876,0.10515788452260533,9.905349692010844,453.578151678196,0
0.10471533810563848,595.0194834166613,-0.5670989730027903,6.710264143725489,325.0646263601684,0
0.1605492863077653,262.96171421275517,-0.5138901289409595,22.58037190545342,456.99088612650405,0
0.9703252752151457,13.586265536149329,2.9488511452084953,90.83151021691219,69.39570259092906,1
0.10209510419650812,360.6220165859562,1.8249849162168217,11.330878889864891,764.1597552369868,0
0.8309035513399141,44.339612313816204,3.9685201390629716,114.36580424573606,30.352600088270364,1
0.18870773920330455,548.6387030183856,0.17628775889980952,5.006182148533105,2269.9531214702506,0
0.8577147363417338,20.801154870566243,4.773372949669725,61.8667916783529,368.7726065864687,1
0.3747852779273341,1092.127802006421,1.0928875578409072,7.299203524719253,655.7726615773495,0
0.14888643303934485,612.9003280240235,-0.7731944576387653,14.655996603288685,298.33350406704847,0
0.08520252812816217,618.0204452380549,1.9126846549535315,14.59100041980603,582.0843992561317,0
0.3133379111593244,269.4284553775324,1.942641906426033,13.20791746272935,3122.599837545569,0
0.8596150061171185,23.69789752925114,4.564324737679896,40.0,342.73423353464864,1
0.230890342957624,576.7254801996313,-0.3811444870611752,9.010339965385725,2441.5551337123024,0
0.039286460173047454,540.0548071563566,-0.5679481469977529,32.00374858357055,2580.566723892677,0
0.3988602066213462,643.5258181828139,0.06968937906109032,5.9707777146456795,437.09525827855657,0
0.8012441416351718,30.872331159115603,4.2770287458305996,130.88679430944586,229.47355269492255,1
0.2377937294785135,1197.0419238503941,-1.078000520781157,5.660996461008645,1181.7829346198478,0
0.8856011880274144,32.60826502159253,1.377568633734919,96.41212601924292,256.11292741399,1
0.21270011367388433,1938.897090884313,0.5306649255274699,9.28952806599573,313.4004721004378,0
0.14686359912766067,1026.226457758752,0.8240664756369391,5.125696955320538,385.8264206548223,0
0.3659800651892435,503.17289787007275,0.5794940879355368,3.660791963586104,1119.9966531616146,0
0.3330514642423786,474.31551494384223,-0.6259062289491389,37.517865027232794,1007.0907756607829,0
0.12406052790614439,739.0718101396095,-0.7303801267312622,14.092289769906223,162.00358867572666,0
0.13946643084240995,529.8100503368942,0.6017213726056347,11.427813840738517,163.8895633379257,0
0.26011438737805853,1345.1294888960851,0.24818528409215787,4.849732184156516,1838.5781442595405,0
0.0393030134037506,508.7430643975011,-0.367035105930551,2.2360612831890476,1865.769763909726,0
0.9793059585924969,59.4204465569798,4.5938673439372355,77.87538026790058,92.291598067745,1
0.7839738407105967,16.014752937584703,3.6815678480116825,104.00640064341883,128.1756928485435,1
0.1608305557585574,1406.8992152173726,-1.7178022574219018,13.512718713486118,5949.02611932663,0
0.06716397986861737,493.0816231260358,0.2572759150908748,39.62213410423045,1276.5195844111893,0
0.65,37.87661896450271,3.408982106233906,70.59274389546505,168.46228552185795,1
0.11900280981693903,914.6169480450473,-0.7971044341315033,16.33677075181906,1428.9350204686318,0
0.7099521893726152,15.571029448029043,3.333503182997926,104.34727985709713,25.563717979838625,1
0.911760754935243,53.7107964138414,2.982514499138091,40.0,71.23745236568479,1
0.1353070529503071,1080.0320613549902,0.3101028884946864,15.916713836903002,930.9060820457396,0
0.437642504873319,272.0956638823491,-0.8795320133153465,5.599901848142887,4587.267652392439,0
0.8812502932502255,19.176669180948874,3.108151767810851,101.19579595146212,24.872861079082615,1
0.027549950649535398,1175.0144775657666,2.218141394712126,18.8288513753155,663.4642961501811,0
0.7209768889239228,19.56471676396539,3.0482698095340655,102.2986509107901,5.0,1
0.2240748863749093,791.0382023939513,-1.0084966253066405,6.809776015349529,52.07641107776403,0
0.7114257917726158,19.069126283065838,1.6384079607206816,125.0517509414109,280.4083504981549,1
0.1524006005220791,659.4488060016694,-0.01963896249504307,22.965453689175636,522.5400300594828,0
0.32304958607289985,520.2671100782742,1.3724431805642519,11.285558873104431,1825.8217923871562,0
0.07441024491267051,1427.397256482519,-1.2156361295986817,15.501833903698754,1363.0648868224523,0
0.16547143732828695,528.462064607457,-0.8632772922093546,10.316824498582891,3477.7330272000418,0
0.7355707187895701,10.691829706712854,0.9370106995863658,49.499033334956195,397.0843678775145,1
0.288824130806526,306.2108476585422,-1.2652000350194736,1.2850481196725907,2582.6939219334045,0
0.21785431120792376,946.2291182159327,-0.06763053927601673,21.875468854467318,132.08994477423903,0
0.19693905805505893,247.51251226773934,-0.2614172989802677,10.09367310020719,332.9368886996519,0
0.8906653575097695,47.49433266450461,3.7389422001992396,89.32870851286215,29.683500627118747,1
0.19147449396516328,581.3867684719235,0.4248851959014823,5.787048141491619,368.240669883571,0
0.08150443081906886,786.6434776974695,-0.25333907725216487,11.054843146269533,303.0373245637164,0
0.03188015863471827,177.10575991743548,0.9859893300585213,6.832295292103218,667.4997521330182,0
0.2037652810960851,349.827068056362,-1.6252691516111075,4.487330089759703,493.1332447326213,0
0.36719789136152997,567.5313816685999,0.8945709901147607,26.001377367170864,6378.319841279232,0
0.35546907074918,178.12508253212775,0.7360154431432946,11.63363695273986,178.1790869267278,0
0.25585532768237423,574.6263952062338,-1.3973865970634738,13.205082284754859,397.4771924898374,0
0.2713330827399852,827.7293220458167,1.0366385845910118,14.690401622758142,1302.7670713562331,0
0.7607269650596548,12.494615991930747,4.448875206307212,128.28013508411848,79.02106330219092,1
0.18873547738067525,2222.3834693787167,-1.2770039485518438,12.17004403082583,191.30829360718997,0
0.20347446413259523,1360.9552925756088,-1.5248279832839218,19.167495661981242,312.32335926870707,0
0.16987614693511896,693.0549828322809,-0.8952797698908733,15.084626764333464,1156.9108941285263,0
0.39870965169515865,369.7327415937299,-0.1284125828313069,5.44367779259086,919.4562153831496,0
0.30760458935770735,1895.5205163720805,-0.12634701112754376,16.313890606909126,975.6861846963003,0
0.7705113284265722,22.010358988111957,3.8314391434308908,73.7273146897368,143.66565775271619,1
0.07838042924726232,293.5961937782887,-0.09714559500321131,3.159565784454059,733.6784888612552,0
0.18829990136395383,665.4238233714403,-1.2281730445505332,12.059362931633048,2072.8111109758165,0
0.4388590532716878,214.68877734658747,-0.5281105353885002,1.9026792362844136,100.62338979515071,0
0.34189325042258817,741.933498133005,-0.2060236846159446,11.640643929589427,531.5591123948741,0
0.4518420936257593,319.94966158083906,1.193401326442581,17.154777235679234,545.3417608214316,0
0.19225689255239511,1118.2042075560942,0.436637577686489,13.112407182344722,310.1308108094283,0
0.3777076233346446,922.1254374090308,-0.4812610804692158,23.20282137523296,542.3498026066395,0
0.2610330166884891,909.3066781446647,0.20290333107320993,20.579142622459003,760.2623112497237,0
0.7358169913431079,26.11884072442701,4.3591531702061745,141.22719518144956,63.210420764282674,1
0.12252672353826019,3515.48999419376,-0.7942573445992704,16.968466395535785,1014.7646751606378,0
0.42488232958298117,179.80078521314678,-1.5437475204462963,5.3049970176219485,681.3517262027624,0
0.24814644898520558,379.45241259102386,0.5645841133165913,9.325947610312012,1621.4762010882052,0
0.2635926861031829,1949.3669662070163,-1.2115038911078932,5.405941987771927,106.6821656598335,0
0.8439343842692358,43.03408917246315,0.5,45.134815004705665,243.53316539475776,1
0.06670831512800562,329.69963634435163,-1.3477897501805605,21.93652493780565,267.5085763285468,0
0.06486056591473333,1831.6400056812734,-0.13665388410914364,4.5784676138772795,1074.3019937456645,0
0.041735778624670615,455.0951638837942,-0.6115918368044213,18.757899519894277,701.3014939615715,0
0.13221096757393067,1359.547000923073,-2.877850151340389,15.755619058439681,3208.2191708502164,0
0.3119431732324308,1298.4915097100534,-1.1257165411982248,21.869771146052162,152.4575802530443,0
0.8862381907104085,32.043336312578866,1.5817631290808933,59.54471020968403,251.73209642453483,1
0.17913079355027184,255.51911350566388,0.8309466793666148,11.241332704391832,5016.6716017401295,0
0.19426107661547698,337.06883642800915,-0.8138632058517464,9.866426179985664,2787.109948991376,0
0.882159805299151,20.01427354596741,5.7474388359118365,109.16382425164049,15.06853761425859,1
0.38266248879167647,420.9959067951613,-0.5233444182755979,2.7749870417842146,276.9776363832556,0
0.13341222208996945,1030.6958823774335,-0.35460901581739546,15.113532966368433,666.1157987817883,0
0.02023915081038266,402.10154035977035,-1.2445829326814521,12.169259223612508,1946.381388057012,0
0.6629897416577325,16.23405644040157,4.80140755111345,126.38809499910226,156.83725318382886,1
0.5145133515554107,132.29666654581186,0.580084167568543,19.531163847562198,1091.8148382063878,0
0.06558485787909157,136.76322758355298,1.0323928915106901,27.641970105753828,948.5021292381639,0
0.35880163411841276,810.9675549412763,-0.4637826248217946,4.492396942342088,1213.2971979372514,0
0.8004001074374713,24.333105796205864,2.891504399559435,89.01267483302314,8.132796492646412,1
0.1567234249539073,1241.851319137399,-1.053454577809757,22.793993356376237,664.5302013528769,0
0.03939227458100901,569.8652871338021,0.2947588620553034,4.219119640049323,1183.8536591227003,0
0.17394320642158634,68.01584657120883,0.10078359181005818,11.149079536163748,50.0,0
0.41571123646688185,1691.30163227978,0.5310859581386753,6.0568293022046,463.0301767828397,0
0.28283512001409883,627.0451181627444,0.6736669377887359,13.91907001544207,3352.2396349929477,0
0.13562675164693647,257.0567219279988,0.831128435248732,5.075259875895175,2883.17327548906,0
0.3391810140725705,841.2824324635574,-1.2854955621336164,44.00826164869612,5006.78586997603,0
0.12374237366665343,423.47847440092846,-0.7257523615820294,3.7007936058457216,4265.816124849164,0
0.23801303118668057,154.11092341123046,0.1724960990323319,4.18614634365198,969.1432297340148,0
0.09650433105191143,906.7083510715314,0.4161071482837128,16.842765597371816,726.4219997862585,0
0.08617143943784315,879.7359574423506,0.2255734972285734,12.918303057173748,761.0238283673352,0
0.128345944847292,561.7210510976246,-1.6462343078348034,13.954389544221328,1426.5976007157697,0
0.07691830332499376,1857.5423922875223,1.8381485147660699,29.958167113464953,68.59015610801313,0
0.2424843795721256,97.76937455994137,2.375118146274932,16.045639878994873,1653.2282020638354,0
0.13402818791150028,197.41135025513043,-0.874499952508782,10.258447056085053,264.62737008072395,0
0.44514368833425155,512.5192268149508,-0.8460246155328025,4.168721557409543,409.38786584770077,0
0.8713662887890695,20.847250492663395,3.386155803074891,103.55424801078325,126.6679119854009,1
0.01064182538008384,1612.0008572737304,0.7290602191903756,6.947434176827376,2844.190175974138,0
0.918321148588944,30.413318012790068,3.443818895767657,61.085463087294414,65.12087190698007,1
0.3345598948622788,665.4919666271121,1.3193086485871355,21.372919620577655,50.0,0
0.09798933638097262,934.1244818359792,0.046719244784203945,14.712939259411678,3160.8434949211237,0
0.3023670585256479,1937.516259798793,-0.0779805018944271,10.77092352001591,683.2005810798208,0
0.7793551781438395,16.53518876159339,3.5362269674123405,55.545850913658256,9.68425427726095,1
0.8831641872016242,24.02572535916575,5.152289783367731,99.9335189054585,39.014940301887,1
0.10829934770845011,458.76195507375166,0.042609223760035765,9.956566984480514,2328.7209604279665,0
0.2183982852765651,390.6896310832993,-0.8638132191803288,13.484766947351343,83.70002718760348,0
0.07490834322535181,880.7259064818322,-0.7577967064033425,20.937740075254503,2540.3347130334614,0
0.04106558427708451,230.06308780389386,-1.2936391226398898,3.1371868300893038,4150.820609428959,0
0.1290101497455798,464.177382306379,0.6953567009777871,10.076507546995403,1542.5531864805328,0
0.1040333654143923,202.0277124090138,2.4730158039234746,25.91418775120284,2658.222174530213,0
0.4969122661868696,218.39880822372953,-0.04862248525327392,2.57334088824553,1350.2622162600169,0
0.2445025690494728,985.949305549305,-0.3107894829721992,9.393011003922856,795.047996493286,0
0.13747297659566426,1413.8109138306895,0.7900827124457142,3.5189211679673122,2563.6886192982097,0
0.2495483496807776,1531.3191808149738,0.6452121731035768,6.352968211279521,652.8654561141174,0
0.9388506773276466,20.850310398523483,6.075853750788289,66.93771167953255,39.742794047731614,1
0.4268387352855647,1643.1694943667992,-0.22049840763135672,10.733000875075122,1090.0982526949488,0
0.16886368848158362,641.2562493590494,-0.4629398671591936,10.095606346261736,1405.3385688903024,0
0.6,95.5140422602943,-0.38129340738009276,2.713107996648942,409.1373193425918,0
0.21101523265058683,1705.8115625968376,2.614909199586332,6.694196607707584,696.6855190433436,0
0.0117757640314528,157.24626761737247,1.276112040946416,15.89365446179394,959.9286149197687,0
0.2826870829896591,820.0758826335419,-0.5133687688160568,19.218998329751273,857.8751306062701,0
0.06483103516456691,2924.4665682498776,-0.11692604177865809,8.510972195679871,909.8306700564278,0
0.3375560816839628,1081.7675762940723,-0.8479018057748036,3.090912382014884,7167.162284384587,0
0.2881345239653062,512.7543441281973,-0.5623210719886914,5.431763835656086,275.5491360148975,0
0.12920022168358916,1012.3719157212444,0.16140584477004594,11.816931576529328,1214.2443470018327,0
0.04620460105521691,1206.0688907190151,-0.37463029507755025,14.04967671587098,179.02871249149783,0
0.2720575493809286,2341.491089380264,-0.9182334624054216,12.67627033899738,1804.1753316750808,0
0.2069527641558973,1250.8928582109274,-0.5356672712320654,6.839093424940632,2112.7323991377943,0
0.7871512306371837,44.283534143465765,1.2562602830166811,109.51651670652441,9.825094672329213,1
0.3202602281566433,1783.9336708083167,0.31217361885152944,5.810212109888203,4264.919964345228,0
0.3564639098403871,1567.206909592777,1.591405811722237,6.329413885600581,537.9893389013884,0
0.36211037372208366,261.16249508130306,1.5005031136178935,14.230624953118959,1407.529227747573,0
0.2593527479375741,199.5784534240077,1.7527084424166142,10.000487209852055,353.4785276430031,0
0.3369580507729603,247.82090667102264,-0.240521174271098,5.707086876322639,2781.284436987237,0
0.8408837520415384,37.28858106808757,3.433489106727339,125.04518124684338,42.96670898808554,1
0.11910476377453695,244.04245761696177,-1.0594032769919965,4.193891390010377,674.8765564560601,0
0.2281173944198297,1393.5478922537002,-0.6564129182608818,9.050215710888978,931.4909183180458,0
0.169250069776827,145.13709091198797,-2.0227756213745556,4.125920113562266,805.6464254420025,0
0.21947388970410783,1495.6033253444893,0.07209480083975534,12.759642273476723,1321.22848454977,0
0.18083106735068977,288.886186187554,-1.539214480859047,9.074995982867968,2261.975148340506,0
0.08728917709623112,297.68683618103904,0.3628097740748948,10.268651703760971,4860.23290153649,0
0.887913675713191,12.842229356737837,3.8342719858085665,85.44685490537962,55.2726690782603,1
0.8851809648345826,19.115075692152484,2.8142897912703164,93.79128823485875,281.2348887439763,1
0.6606924863278147,17.361333565206944,4.963547689046773,173.60438526803273,59.01765066240338,1
0.16918149450511433,178.30076600545152,0.003415884008512292,8.621049170251851,2456.332707286762,0
0.1669949619592481,367.8148442770523,-0.19742191766463293,8.529913695712843,179.67824319056822,0
0.846222479246599,55.40343069901473,3.9500696058210276,72.37137112840765,145.68702159076406,1
0.20752731890513665,789.6290437826016,0.0007737092347416462,18.555690082476804,1194.9737389543989,0
0.23461622536326826,1304.4785560868888,-1.4576473569847277,3.8139084511073027,3933.8938959067655,0
0.10706556221284261,767.8926148968873,-0.40686451455470535,7.9744623001857455,856.7782975617295,0
0.17231692752277197,2410.7832214650875,1.882873676465777,9.831217380426203,2576.3944176458494,0
0.11372145856956059,801.8575669092812,-0.7484143416743837,15.135522791272985,861.920629062829,0
0.10943089397231279,648.0049803142462,-0.5954822864430015,4.529001373333254,1788.4235107174782,0
0.903458647225952,14.842328524180587,2.1478699436127893,83.9722554103429,73.036262574056,1
0.07408748485901183,967.996730217967,-0.2439227576479475,25.110831100712808,3229.6149996668937,0
0.25166763022916083,1333.3639871152643,-0.8566620549615891,5.03975121254161,561.1583488019783,0
0.13292062134901952,2060.738064680486,1.5273860291557484,11.471120603944275,608.7173343679649,0
0.8471925774036776,27.00659018005807,4.76688601234344,134.27354203939217,103.02769644752193,1
0.01,670.4602846816994,1.2032582230167888,4.976560614705715,2691.6656337569193,0
0.33135169528075564,692.1758401610019,0.7245235940205608,11.641900520976522,937.8893461185532,0
0.42462768616577623,555.2516562075863,0.5560278747595844,7.614337715382111,3043.598721333355,0
0.8588851560644918,30.832344812648063,2.2597307073192106,116.7056943378139,29.089802570189672,1
0.19208443974982778,1090.4836648701498,-0.490387609763513,16.457814351601442,1486.299548363026,0
0.8303222601546302,10.113613971027265,3.830652038223743,57.63116494441621,243.99712642866922,1
0.31413547335208564,1646.9009943431922,-0.4738031774076939,10.904128457720006,902.0641829901487,0
0.14654384434762152,189.2193646901533,-0.4572452051410914,10.80644668954635,984.2635622735132,0
0.11556148556913122,1183.2710142469023,-0.10325363046091905,16.606591868107806,792.1750773589034,0
0.06293477449652345,804.8726568227455,-0.7917080387974289,4.807601997002507,98.60527574964038,0
0.7133139660311699,12.517093011579894,5.941611076565982,63.363525521581295,232.18389204294965,1
0.0975402533556915,1153.7948732961788,1.4782845893844914,6.736770415227718,1751.974782684183,0
0.3048676593753502,1225.9824935538566,1.4295623975478253,2.7001163816379643,1624.8890586507234,0
0.11910712264615389,673.5828159242596,-0.0990985918681181,9.58840839220803,2074.253909795604,0
0.2235392032683188,159.84118652453012,1.3398797864441758,5.207069347229152,1762.843211152729,0
0.7068307517375195,19.51472008837001,3.1118799899759293,58.79360885746901,108.53870576366464,1
0.19193752017356028,87.62561252275498,-0.8424439549307043,12.57107017396959,1560.6211515242096,0
0.23719400089933287,402.7529122858689,-0.4218176060668454,5.010429041563958,1596.5402221810807,0
0.02362310774311192,237.14625861204797,0.30552540821077256,2.906925447823156,189.47392606888315,0
0.1324768897124123,980.6048332903731,1.0814739243556017,4.047879987130698,1413.894256003429,0
0.40630306766113244,972.1825076188265,0.5249742281141881,7.690311548821477,1708.500113799166,0
0.21998983693044938,1788.1112572013546,0.15906568302668153,10.330038698135462,2878.8874621196614,0
0.16064568985994823,526.2348525403108,0.18867614835952437,12.58434359222404,1961.2111399096625,0
0.26779454524050766,158.58013259786776,0.4293625083932779,3.6939330958785566,2079.606915795976,0
0.19730488245806058,1225.8980468916232,-0.7423011176338571,13.25118466572416,621.7302790653544,0
0.3556845343510267,455.9505266201436,0.975722646501593,7.305769679751944,238.63041341490415,0
0.39927619720087726,506.74824358243984,0.01975042305936161,9.920522909745936,1456.849308974497,0
0.8203174234741653,21.43346693941014,3.555414995888056,149.16654241874596,71.82567609146399,1
0.39537657042824204,304.4641071653709,-1.8385943917490626,6.919298558677714,960.1391171799124,0
0.06644867000492105,223.5152376493794,-0.3283240485128667,2.279638309558421,1239.4781121711028,0
0.3371910982951463,657.585971135146,0.373818558763846,6.0091390998065926,662.4678274251206,0
0.07256340076657716,1122.3811251296659,-0.326135109704956,18.345530109026043,540.2888141143912,0
0.8501184936311484,17.515600909846423,4.297770351556171,60.24429710308773,22.028436088563016,1
0.09443049991439238,387.04979676409306,-0.6232808075946856,25.513230843579557,134.69337134410483,0
0.99,11.793860432946323,2.659485942451343,107.64357288041691,5.0,1
0.11293552913952268,565.7814814285326,0.5744869391451162,12.45768829380871,998.7064184721817,0
0.65,17.733265198495697,4.758622147669474,106.62823233171352,162.15282024024825,1
0.9641704327297064,35.47914913476606,3.1912457270128867,131.1938250800689,43.19671295464118,1
0.02558259516550327,494.4277375596839,-0.32189841378567,9.846698624351768,57.74461219308746,0
0.7353609015110035,60.2147539606394,4.332087063471965,82.32358837972006,179.68995468916836,1
0.06608333672324825,706.1391629409196,0.4561926374143078,12.352245125972162,4845.114975922079,0
0.8762177684536298,44.34567901633205,4.999722434308149,65.70633765861592,9.009653524160111,1
0.9485195069987329,35.340640430605376,2.6628981634925557,156.69724589875148,5.0,1
0.3304322370296994,1150.0937298977487,0.30221346357999473,7.14979675021314,67.53746976863953,0
0.14208469335285673,402.6006460147486,1.0094850534809183,11.309871718247019,2140.0217587133434,0
0.07287240949955834,240.96130077748708,-0.2558424571495584,16.732224375224124,198.67069548071186,0
0.36736180708643545,811.0570554512191,-2.0671102246093973,5.257031487008172,1307.8646469310886,0
0.1614489346016644,930.0296646264496,-0.45510321186135666,11.010570793907647,175.74778954603485,0
0.43907579834176413,990.1237094878446,-0.5540009458836479,16.04862995509567,996.0516066582761,0
0.2228925698417198,281.89778433956724,0.4271209168481219,6.775694491796935,118.56146667093202,0
0.1859703357454992,299.6404927512519,0.28152360509292695,5.970493298118111,263.88408606669867,0
0.7190962267485246,17.12755723159845,3.4524136645620565,67.54170141061543,64.22398520956556,1
0.3409946493219412,222.847444622038,0.23036801913972194,14.05665756418167,1088.4207132702059,0
0.3147239340142464,502.6482296541673,1.1252677461876508,19.898497483566015,132.01057789449348,0
0.05070671866446622,2068.246536158853,0.5534679013881464,9.789725189780736,891.2712900866818,0
0.8620178744064994,18.52226061988091,2.548366220801902,100.18693236740988,90.70055515258998,1
0.11081589624148036,1305.350752630521,-0.74785882744691,12.575274053856095,658.5795099010971,0
0.1995451272325797,844.0903629649829,1.154387899644425,1.5348798222034372,50.0,0
0.07712670817734148,2469.9451070100026,-0.5953724284649136,4.844018924747304,1178.0190573015352,0
0.847819595211345,23.827022118834133,2.46087661007096,104.85047585852581,6.043794801771781,1
0.08920330890250083,886.7737848310593,-0.6575810012756048,5.960405018906323,50.0,0
0.033862711769302806,265.07698516253424,0.46578492371802366,22.063648924238393,388.27471392399656,0
0.8721809015970997,33.563657538788064,2.522772770774105,82.90167163940455,315.7573416163769,1
0.1176512066919593,779.5621843084057,-0.4864963825977661,4.6434275232233055,2072.6122151077975,0
0.9629605369904077,13.541199275576211,1.6897612791339887,98.30497004804194,512.9206259891787,1
0.34169810285383284,754.9434378384972,1.4311330150292483,13.201923948592352,4812.7706108811535,0
0.2627512963076294,633.1707285705161,0.22035383280696072,6.944158874310845,60.49472992409115,0
0.2313331139934696,1456.7209843558023,-0.4420152804694056,21.327868502648073,1740.68233748176,0
0.7498324192204082,20.722151829538987,2.142088560653933,102.43046671170327,6.657197598954026,1
0.14022437025342455,1158.277894966118,1.0248792328266414,3.1161706299169762,115.61027540578522,0
0.3787830084788996,416.1473726638776,-1.402989985154711,7.663401126947212,4184.277377323705,0
0.31196441529705565,423.15535083839666,1.152292491749911,24.489607902373372,50.0,0
0.16216175888444367,681.1480813742218,0.9674404601379066,11.04936814403584,1432.136416429061,0
0.9261078877071025,33.910021277754744,3.7311915802930926,177.34211182053053,99.20706785126445,1
0.090869461492315,2429.371455806882,0.5206334182545254,8.661191220916697,846.3775945731538,0
0.274469919028122,765.1864532812108,0.7868622398422616,13.518617582648606,309.1339313071881,0
0.13466696766881608,893.495169878477,1.6957719306274401,13.41301908555696,1332.927986917632,0
0.04458410939534267,588.1897178045535,-0.5588419669281268,10.604634375536957,515.81133101153,0
0.20726788037686064,1032.5886789869558,0.8387936983678286,11.23337900914203,80.12331573147657,0
